rank,square_id,total_internet_traffic
1,5161,12740060.318359375
2,5059,11170854.4296875
3,5259,10485779.53515625
4,5061,9584334.40234375
5,5258,8707440.21484375
6,5159,8703872.87109375
7,6064,8675342.59765625
8,4855,8491044.40234375
9,4856,8230212.1484375
10,5262,8163357.06640625
11,5857,8145514.04296875
12,6058,7939202.82421875
13,4956,7857682.91796875
14,4459,7750012.076171875
15,5256,7632094.03515625
16,5162,7451156.328125
17,4857,7239224.59765625
18,4755,7209967.1875
19,5567,7110181.1640625
20,5758,7050783.9375
21,6169,7029757.24609375
22,5263,6940202.498046875
23,5163,6922887.7587890625
24,4961,6892405.625
25,5957,6885430.765625
26,4955,6881968.037109375
27,6065,6708543.265625
28,5261,6537499.470703125
29,5255,6508169.625
30,6165,6384390.46875
31,5156,6353382.103515625
32,6260,6336046.1796875
33,4457,6320777.5
34,5965,6187575.11328125
35,4761,6148952.533203125
36,4754,6101784.91796875
37,4654,6069286.16796875
38,5361,6033530.189453125
39,5967,5985376.49609375
40,4959,5940149.4296875
41,5959,5919666.912109375
42,4854,5840634.06640625
43,4957,5838197.287109375
44,5158,5783072.5830078125
45,5854,5716917.68359375
46,5954,5701441.25
47,4655,5686285.5
48,4456,5679993.20703125
49,6067,5649656.8203125
50,5467,5626396.734375
51,4861,5602532.498046875
52,6164,5599228.03515625
53,5964,5503390.390625
54,5955,5455829.1787109375
55,4762,5405702.0546875
56,4653,5395328.75
57,5359,5389762.5078125
58,4462,5377248.44140625
59,5367,5338227.94921875
60,5160,5322451.9736328125
61,5458,5316080.1416015625
62,6066,5315234.5390625
63,5856,5314696.580078125
64,4758,5304066.65234375
65,5155,5291925.962890625
66,5360,5285635.2265625
67,6068,5267147.28515625
68,4559,5264009.5166015625
69,5963,5234036.205078125
70,6063,5229338.0234375
71,4958,5226173.166015625
72,4968,5205263.3046875
73,4756,5202675.419921875
74,4759,5192894.50390625
75,5068,5186524.796875
76,4460,5142688.4189453125
77,5056,5116064.060546875
78,5968,5113582.9375
79,5062,5099398.681640625
80,5157,5073034.1328125
81,5461,5064295.72265625
82,5349,5049016.970703125
83,4954,5030347.271484375
84,5063,5000138.439453125
85,6059,4986293.9443359375
86,4962,4983414.642578125
87,4760,4963348.939453125
88,5260,4957698.5390625
89,4948,4956749.5
90,6268,4944865.87890625
91,4757,4894187.8984375
92,5060,4885013.189453125
93,4648,4857463.2734375
94,4960,4808627.4375
95,5958,4779052.09765625
96,5568,4776080.859375
97,5358,4732396.091796875
98,6269,4731484.671875
99,5154,4730222.72265625
100,5257,4701360.33984375
101,5858,4698705.736328125
102,5254,4671103.134765625
103,5765,4649988.703125
104,4860,4635312.39453125
105,4656,4620702.458984375
106,4256,4613842.56640625
107,5252,4586896.87109375
108,6264,4581521.46484375
109,4556,4574671.37109375
110,5055,4571990.953125
111,4660,4554488.130859375
112,5861,4526155.296875
113,4554,4503130.45703125
114,5248,4496910.419921875
115,5966,4491045.51171875
116,4659,4490324.44140625
117,5148,4489638.30859375
118,6069,4486796.58203125
119,4853,4470890.1953125
120,5862,4469237.51953125
121,5658,4461190.13671875
122,5766,4417478.017578125
123,4858,4415739.4765625
124,5460,4412803.525390625
125,5855,4374571.6552734375
126,4458,4372017.537109375
127,4555,4364234.884765625
128,6158,4350595.951171875
129,5956,4340693.2138671875
130,5757,4318455.361328125
131,5147,4310279.8203125
132,5072,4282802.37109375
133,4548,4280532.919921875
134,5659,4274636.6591796875
135,5566,4240015.193359375
136,5151,4235582.267578125
137,4953,4216706.37109375
138,4553,4209265.244140625
139,4257,4208612.083984375
140,5752,4205533.939453125
141,4560,4187363.412109375
142,4859,4159907.58203125
143,6674,4155986.97265625
144,5667,4140388.033203125
145,4558,4134730.4921875
146,4753,4134388.701171875
147,5867,4124376.1640625
148,5866,4097398.416015625
149,5368,4093187.59375
150,4967,4069078.544921875
151,6371,4065616.62109375
152,6345,4058600.33984375
153,5047,4050838.798828125
154,4362,4050156.197265625
155,5268,4044971.130859375
156,5868,4043504.7890625
157,5267,4035400.240234375
158,6166,4013173.85546875
159,5269,4010898.08203125
160,5562,4004319.8671875
161,6460,3996118.296875
162,5053,3986956.8359375
163,5962,3969586.9921875
164,5058,3948743.857421875
165,6265,3932943.5390625
166,4461,3925701.669921875
167,5859,3915989.64453125
168,5860,3915196.466796875
169,4359,3910082.51171875
170,6261,3888047.064453125
171,5348,3884167.47265625
172,5468,3879760.1640625
173,4561,3868922.966796875
174,5951,3839272.78125
175,5251,3838202.037109375
176,5769,3836482.06640625
177,5753,3818608.087890625
178,5767,3815737.6953125
179,7164,3815218.8359375
180,4455,3802058.857421875
181,5073,3782989.78125
182,6168,3774417.927734375
183,5754,3763342.35546875
184,5670,3757900.01171875
185,5960,3753241.828125
186,4156,3751296.015625
187,6050,3751121.9140625
188,4661,3750146.732421875
189,5559,3743418.8564453125
190,5969,3711776.51171875
191,6374,3690301.544921875
192,4363,3686150.54296875
193,4652,3680260.478515625
194,4355,3680021.40625
195,4557,3665256.640625
196,6151,3659828.078125
197,5770,3644868.45703125
198,5953,3640208.4921875
199,4155,3629728.4375
200,5662,3625210.0966796875
201,5772,3623618.4423828125
202,6162,3620441.591796875
203,6051,3610395.296875
204,4647,3586628.62109375
205,6375,3585407.361328125
206,5668,3558439.6015625
207,5853,3557738.37109375
208,6772,3556803.12109375
209,5152,3548216.0390625
210,5249,3547988.51171875
211,5952,3539049.8125
212,5560,3537428.75
213,5069,3528091.158203125
214,5270,3523567.296875
215,5048,3512336.5390625
216,6372,3497686.31640625
217,4972,3497240.865234375
218,5168,3494472.4921875
219,5146,3490087.517578125
220,5170,3486354.658203125
221,5164,3484078.685546875
222,4849,3483842.673828125
223,5759,3479551.9814453125
224,4356,3474745.259765625
225,4255,3470412.470703125
226,4862,3456944.19140625
227,4662,3450585.529296875
228,4658,3436854.720703125
229,5561,3424822.099609375
230,4547,3423080.37890625
231,5669,3417567.857421875
232,5761,3413316.818359375
233,6368,3409764.73828125
234,4364,3395532.224609375
235,4160,3393918.77734375
236,5872,3392749.9140625
237,5453,3389308.8359375
238,4651,3381474.3515625
239,5661,3375426.7373046875
240,4969,3354337.5859375
241,4949,3343201.24609375
242,6149,3340672.25
243,6274,3333721.4765625
244,5169,3330268.5625
245,4750,3327228.869140625
246,5462,3325332.5087890625
247,5449,3320952.173828125
248,5057,3317316.330078125
249,4650,3316566.79296875
250,5970,3305879.52734375
251,6070,3302975.86328125
252,6167,3291045.029296875
253,6148,3281139.03125
254,5070,3275214.6171875
255,5046,3268267.5
256,5363,3258650.216796875
257,6360,3239896.478515625
258,5459,3236721.005859375
259,6060,3236606.97265625
260,4751,3232241.55078125
261,5773,3231995.2583007812
262,6072,3227704.59765625
263,6352,3226954.07421875
264,5760,3226612.6787109375
265,5869,3196131.361328125
266,6565,3187102.19921875
267,6370,3184888.8671875
268,4254,3180869.7890625
269,5452,3178970.1875
270,6358,3178756.2060546875
271,4963,3176379.4208984375
272,4260,3170506.5908203125
273,5064,3162847.9521484375
274,5149,3162096.51171875
275,4545,3156131.220703125
276,4546,3151239.447265625
277,5264,3149654.744140625
278,6163,3136412.49609375
279,6560,3128509.00390625
280,4161,3128468.0908203125
281,7163,3126996.8515625
282,4952,3116766.107421875
283,4358,3113745.912109375
284,5762,3108933.7177734375
285,5172,3097058.85546875
286,4154,3089928.0625
287,5352,3085632.525390625
288,5570,3081278.162109375
289,5450,3081038.69140625
290,4157,3076614.71484375
291,6675,3069513.326171875
292,5870,3058565.9921875
293,4549,3054884.4453125
294,5054,3053416.2900390625
295,5971,3050210.59765625
296,4261,3032027.0166015625
297,5646,3030284.078125
298,4850,3028685.396484375
299,5247,3025977.107421875
300,5569,3023135.822265625
301,4752,3016757.9140625
302,5865,3015803.00390625
303,5370,3011240.732421875
304,4357,3010324.845703125
305,4874,3006274.3717041016
306,5653,3006023.474609375
307,3757,2995982.78125
308,6574,2988345.42578125
309,6251,2975135.384765625
310,3856,2973556.7109375
311,4354,2971356.603515625
312,6270,2971226.591796875
313,4068,2959736.951171875
314,5362,2959150.296875
315,5768,2958625.5625
316,5873,2950084.6376953125
317,3857,2942321.25
318,5271,2938660.67578125
319,4446,2931153.8359375
320,6170,2927418.921875
321,6267,2905298.455078125
322,6049,2892243.6796875
323,5660,2892097.14453125
324,5751,2891295.35546875
325,4851,2888835.193359375
326,6672,2877609.732421875
327,5351,2860466.041015625
328,5950,2856118.10546875
329,5744,2849783.2255859375
330,4848,2842380.30859375
331,4657,2832872.66796875
332,5652,2828802.771484375
333,6073,2826934.677734375
334,4069,2825216.6171875
335,6671,2824184.919921875
336,6762,2822958.0341796875
337,4847,2821775.083984375
338,6673,2819622.962890625
339,5171,2817113.984375
340,6452,2816902.09765625
341,6369,2814097.138671875
342,3956,2814062.986328125
343,4168,2812597.478515625
344,5852,2807349.041015625
345,6364,2805829.615234375
346,5851,2798166.0859375
347,5745,2793662.654296875
348,6062,2792664.3017578125
349,5052,2789492.8466796875
350,5372,2787882.517578125
351,6159,2778217.041015625
352,5246,2774132.9296875
353,4747,2770221.44921875
354,6248,2766123.71875
355,5150,2763368.587890625
356,6053,2751263.423828125
357,4964,2747155.6000976562
358,4445,2742077.25
359,6351,2741326.9609375
360,4444,2724190.87109375
361,4550,2719909.21875
362,4552,2719708.3095703125
363,5071,2714823.849609375
364,4349,2712122.6171875
365,5353,2698337.3515625
366,4649,2686778.1796875
367,4852,2681277.525390625
368,6252,2680579.875
369,4749,2672260.833984375
370,5871,2665450.6953125
371,6249,2662711.056640625
372,4447,2660052.779296875
373,5354,2656863.31640625
374,5350,2643230.068359375
375,5153,2637257.326171875
376,4551,2633810.6630859375
377,8169,2632087.7075195312
378,4453,2630209.9677734375
379,5369,2627534.892578125
380,6266,2619657.943359375
381,6461,2615160.69140625
382,4971,2610668.95703125
383,5961,2604401.4375
384,6361,2587958.375
385,5756,2577317.16796875
386,3756,2571676.265625
387,4454,2571493.869140625
388,6359,2571295.138671875
389,6262,2571293.0458984375
390,4060,2569643.447265625
391,5771,2564471.064453125
392,5451,2558056.728515625
393,5546,2554250.666015625
394,4562,2553784.80859375
395,6057,2552588.998046875
396,5469,2548962.919921875
397,5671,2546607.357421875
398,7064,2543801.91796875
399,5647,2541965.380859375
400,5049,2541622.6875
401,6445,2540741.423828125
402,4452,2538102.4548950195
403,8762,2528553.1484375
404,6471,2528050.21484375
405,9368,2526799.18359375
406,5245,2523525.1953125
407,4973,2523042.31640625
408,4450,2519794.349609375
409,6451,2518404.458984375
410,5644,2518284.33984375
411,4544,2516422.216796875
412,6250,2507884.4921875
413,6150,2507083.435546875
414,6263,2498123.7431640625
415,4846,2497400.951171875
416,6665,2496880.529296875
417,6157,2488895.4033203125
418,3957,2486396.9140625
419,4059,2483056.474609375
420,4259,2481282.62890625
421,4463,2463196.478515625
422,4258,2458927.8466796875
423,6773,2454175.49609375
424,4159,2454134.490234375
425,3962,2440861.01171875
426,3953,2439842.4765625
427,5656,2439170.07421875
428,6446,2436613.28125
429,4748,2426738.3203125
430,8675,2424390.423828125
431,5547,2418954.564453125
432,5250,2417419.283203125
433,5755,2417061.2490234375
434,6271,2414836.533203125
435,5253,2413961.6064453125
436,5356,2386536.021484375
437,5544,2386219.697265625
438,5845,2383906.990234375
439,6771,2383515.033203125
440,6052,2382836.966796875
441,6547,2373976.375
442,5654,2373961.431640625
443,5643,2371568.2265625
444,6557,2369160.275390625
445,3955,2364787.267578125
446,4053,2352989.185546875
447,4746,2346282.634765625
448,6459,2341559.306640625
449,8371,2334839.328857422
450,6872,2334366.9765625
451,4169,2331063.427734375
452,5067,2329901.56640625
453,6662,2320335.302734375
454,5850,2320184.16015625
455,7066,2318364.841796875
456,6873,2317216.119140625
457,6647,2316404.697265625
458,5571,2315973.927734375
459,4158,2315709.869140625
460,8271,2303901.736328125
461,5371,2303023.37109375
462,5145,2293043.255859375
463,5844,2292614.958984375
464,4360,2289156.9609375
465,3954,2288110.35546875
466,5750,2287898.6689453125
467,6350,2287678.75
468,6447,2278536.138671875
469,5344,2276850.626953125
470,5545,2275240.169921875
471,4449,2273045.267578125
472,5347,2269533.990234375
473,5143,2267823.9243164062
474,5470,2267231.4921875
475,5655,2254973.994140625
476,6474,2253344.59375
477,3869,2253192.017578125
478,6458,2247027.8637695312
479,6871,2240878.37890625
480,6457,2240861.5092773438
481,5445,2236176.208984375
482,5553,2210774.3369140625
483,6664,2210127.576171875
484,6763,2209768.49609375
485,8862,2209235.810546875
486,7271,2205970.037109375
487,5244,2197730.1337890625
488,6346,2194331.814453125
489,5345,2191986.78125
490,5173,2188130.01953125
491,5457,2187811.400390625
492,8874,2187765.01171875
493,6347,2187487.029296875
494,8775,2187138.6953125
495,5743,2180434.416015625
496,6853,2180049.26953125
497,8370,2178040.783203125
498,6247,2173496.54296875
499,6246,2172890.34765625
500,8272,2172552.517578125
501,3858,2171767.892578125
502,3969,2169362.69921875
503,4645,2169127.4609375
504,6469,2168149.896484375
505,5645,2167550.9541015625
506,4264,2162805.23828125
507,6061,2160654.322265625
508,6453,2158980.23828125
509,5863,2157955.9443359375
510,5272,2156158.498046875
511,6071,2155143.72265625
512,3963,2154561.482421875
513,5949,2149982.39453125
514,8575,2148445.1728515625
515,4366,2147999.5078125
516,8774,2141145.11328125
517,5554,2139322.7548828125
518,4153,2138684.720703125
519,4054,2135267.9423828125
520,6448,2134619.28125
521,6753,2131468.248046875
522,6561,2129593.44921875
523,5651,2124927.0361328125
524,6275,2120542.294921875
525,5558,2119359.7744140625
526,6171,2116217.720703125
527,7166,2114471.482421875
528,4056,2113930.384765625
529,4951,2113814.0458984375
530,4055,2111889.38671875
531,5552,2109875.361328125
532,5448,2109077.5751953125
533,7052,2103922.8041992188
534,6161,2100060.431640625
535,4950,2097638.048828125
536,4350,2095180.228515625
537,6874,2095105.53125
538,5273,2093760.01171875
539,6259,2093700.732421875
540,6160,2093412.8671875
541,4965,2093016.2724609375
542,6764,2091210.76171875
543,7372,2089390.994140625
544,6851,2088284.580078125
545,3959,2084720.60546875
546,6774,2077083.822265625
547,6177,2075187.982421875
548,6468,2069479.845703125
549,4646,2063351.16015625
550,6546,2055110.40234375
551,6663,2049397.96875
552,9268,2049375.02734375
553,5746,2044614.3662109375
554,3758,2043433.998046875
555,6152,2041810.28125
556,8676,2041401.029296875
557,4863,2041168.6591796875
558,8471,2039618.22265625
559,6657,2038135.654296875
560,4926,2035693.126953125
561,4947,2035310.70703125
562,3855,2033820.60546875
563,4845,2026870.91015625
564,8576,2026364.880859375
565,5563,2025662.6245117188
566,4991,2025613.0302734375
567,6277,2024540.04296875
568,3658,2022753.349609375
569,4442,2022409.5703125
570,6564,2022259.93359375
571,7371,2019014.96875
572,6056,2017391.8505859375
573,5346,2015794.169921875
574,6951,2015438.8046875
575,6470,2014427.9765625
576,7063,2010576.453125
577,6757,2006347.65625
578,4062,2000511.7236328125
579,5555,1996458.021484375
580,5551,1990465.375
581,6276,1990305.26171875
582,6258,1988124.0380859375
583,3960,1988046.1015625
584,6054,1984458.734375
585,4058,1983575.50390625
586,8372,1978546.96484375
587,5557,1973042.9018554688
588,4745,1969695.541015625
589,4826,1968346.63671875
590,4263,1967193.88671875
591,5556,1966133.53515625
592,4057,1965980.298828125
593,4344,1959711.66015625
594,6568,1957770.568359375
595,6156,1957538.330078125
596,3863,1956266.14453125
597,3558,1946270.591796875
598,5466,1944417.306640625
599,3862,1943868.2421875
600,6353,1942633.5703125
601,5446,1942499.3515625
602,6450,1939865.732421875
603,5672,1936197.21875
604,6272,1935784.220703125
605,6747,1931514.193359375
606,5454,1930034.974609375
607,4063,1929364.67578125
608,3854,1923143.580078125
609,6245,1921548.6875
610,6348,1918388.994140625
611,5051,1917025.8173828125
612,6475,1912231.3525390625
613,6569,1909906.009765625
614,7165,1903596.91796875
615,8472,1902927.603515625
616,8475,1902665.30078125
617,6571,1892138.361328125
618,4970,1890761.9716796875
619,6570,1888602.732421875
620,7472,1887716.791015625
621,5463,1887409.2626953125
622,6858,1884696.1362304688
623,4946,1882000.1328125
624,7568,1880326.3674316406
625,7065,1877902.224609375
626,6558,1877323.0805664062
627,7471,1867057.275390625
628,6952,1861772.396484375
629,4865,1861615.7138671875
630,6176,1860893.068359375
631,6376,1858706.5908203125
632,6972,1857797.8515625
633,8476,1857233.13671875
634,5657,1854659.5791015625
635,4451,1853540.619140625
636,6875,1853348.060546875
637,4061,1848617.6572265625
638,5355,1847953.6669921875
639,6758,1845648.3852539062
640,8662,1842758.634765625
641,4927,1841288.32421875
642,3659,1838432.5546875
643,7668,1836144.4436035156
644,4345,1828431.74609375
645,4248,1825742.701171875
646,6077,1825202.4296875
647,5444,1824027.0234375
648,6857,1823713.6918945312
649,8574,1821640.6328125
650,8474,1821616.12109375
651,3958,1817133.697265625
652,5972,1816613.3408203125
653,4443,1810800.703125
654,9369,1809587.52734375
655,5447,1806907.154296875
656,4249,1805180.427734375
657,5666,1801011.2861328125
658,1251,1798129.234375
659,3656,1794842.939453125
660,7524,1793038.1696777344
661,6658,1792737.8071289062
662,6462,1786069.943359375
663,6752,1783428.939453125
664,5946,1777764.1103515625
665,4464,1771619.2822265625
666,3764,1771605.5751953125
667,6362,1769536.0078125
668,4348,1764213.96875
669,4361,1763252.7055664062
670,5548,1762914.4951171875
671,6575,1762234.224609375
672,6646,1758500.384765625
673,6852,1755723.650390625
674,4343,1754124.171875
675,6566,1752706.189453125
676,7272,1752153.291015625
677,6278,1752014.6640625
678,6562,1750767.41015625
679,8857,1750386.419921875
680,6976,1747618.03515625
681,6349,1747600.091796875
682,9367,1747239.037109375
683,5027,1744396.791015625
684,8572,1743188.267578125
685,6178,1741535.9169921875
686,7255,1738976.189453125
687,5945,1734870.5166015625
688,5471,1734445.564453125
689,8473,1730557.986328125
690,7569,1719404.154296875
691,4448,1718510.1611328125
692,6548,1718456.23046875
693,6464,1714266.66796875
694,3848,1713207.064453125
695,6667,1712886.552734375
696,7768,1712326.4365234375
697,6670,1703043.78125
698,5050,1699192.0302734375
699,6367,1697017.935546875
700,4346,1696228.517578125
701,4644,1696163.3464355469
702,6850,1694100.8950195312
703,7062,1689363.4921875
704,6573,1677767.134765625
705,6472,1674835.9765625
706,5065,1669639.3354492188
707,4247,1669624.666015625
708,8573,1668650.609375
709,3864,1663191.9111328125
710,9269,1659606.18359375
711,5144,1657925.5908203125
712,4342,1657051.697265625
713,7468,1655608.2131347656
714,7061,1654246.568359375
715,6363,1652503.6123046875
716,7669,1649599.3393554688
717,6870,1648452.208984375
718,6253,1647046.564453125
719,6971,1646819.626953125
720,6756,1645553.9111328125
721,8674,1642978.955078125
722,3852,1639339.6689453125
723,7989,1639011.197265625
724,4353,1634015.52734375
725,6578,1631574.8994140625
726,8090,1630159.66015625
727,6175,1629444.9091796875
728,6550,1628896.53125
729,6849,1628204.923828125
730,5366,1622287.1220703125
731,4149,1617943.4091796875
732,6958,1616342.7900390625
733,3755,1614511.3515625
734,6449,1612826.607421875
735,3871,1603594.748046875
736,3872,1602493.947265625
737,6365,1601716.9140625
738,3853,1599875.51953125
739,6048,1599766.46875
740,6473,1597947.73828125
741,147,1597286.23828125
742,3868,1592192.462890625
743,6567,1589536.388671875
744,5455,1588289.9267578125
745,5572,1588197.232421875
746,7767,1586799.4291992188
747,7155,1581394.27734375
748,4250,1581190.4912109375
749,6751,1581035.7939453125
750,7868,1577073.765625
751,8875,1572004.8671875
752,3847,1570726.91796875
753,9977,1568504.556640625
754,7990,1567039.189453125
755,6775,1564983.751953125
756,4351,1564007.8701171875
757,4347,1563645.302734375
758,7056,1562678.5317382812
759,6950,1558172.10546875
760,4147,1557886.9404296875
761,6153,1555354.9033203125
762,5456,1553539.5053710938
763,7769,1552466.322265625
764,9468,1552459.4296875
765,6975,1551950.703125
766,6770,1551215.294921875
767,6377,1551177.1884765625
768,8672,1547297.95703125
769,6257,1546964.203125
770,6953,1546644.115234375
771,4945,1544946.9013671875
772,7067,1542623.623046875
773,7454,1542329.775390625
774,9978,1542177.734375
775,9884,1541911.9443359375
776,2245,1541621.3359375
777,7869,1539335.673828125
778,7264,1538147.63671875
779,3851,1537560.23046875
780,6668,1537297.611328125
781,4148,1537079.5009765625
782,4163,1535999.515625
783,6055,1533772.5771484375
784,6956,1530379.7250976562
785,6552,1529438.654296875
786,6973,1529018.72265625
787,6146,1526885.8447265625
788,5543,1524119.9296875
789,8054,1523469.04296875
790,9267,1522208.568359375
791,5947,1517687.1259765625
792,6970,1516773.568359375
793,3968,1515813.384765625
794,7072,1515080.337890625
795,6969,1510739.625
796,9467,1508844.453125
797,5266,1508232.9697265625
798,5089,1505221.9453125
799,7654,1504163.439453125
800,5846,1503485.5126953125
801,6759,1503400.6528320312
802,4643,1502741.890625
803,5026,1502191.498046875
804,4246,1500371.0654296875
805,5948,1499925.6513671875
806,6078,1499516.732421875
807,3748,1496697.294921875
808,6863,1495500.83203125
809,3952,1492988.05078125
810,4352,1492390.140625
811,6047,1487861.2138671875
812,6476,1487504.9384765625
813,4543,1484595.87109375
814,5650,1484513.5478515625
815,9370,1484433.3984375
816,4150,1483023.220703125
817,6279,1482641.4775390625
818,9885,1480626.146484375
819,3751,1480138.970703125
820,4245,1479946.474609375
821,7670,1479566.857421875
822,4128,1477912.82421875
823,5764,1475718.5390625
824,2145,1474639.0205078125
825,4367,1473458.587890625
826,3846,1472769.4482421875
827,8834,1471430.064453125
828,4251,1470469.37109375
829,6856,1469237.1240234375
830,8374,1468057.494140625
831,5550,1464346.125
832,7969,1463864.0600585938
833,4253,1460337.1904296875
834,4162,1457946.923828125
835,6961,1457677.236328125
836,9976,1457003.37109375
837,6074,1456842.3842773438
838,6551,1453540.134765625
839,3850,1451260.5830078125
840,5864,1446700.9794921875
841,7254,1445225.021484375
842,4943,1442580.0009765625
843,4890,1441812.40234375
844,6045,1441682.3193359375
845,7770,1440789.5810546875
846,8571,1440060.359375
847,7240,1438247.384765625
848,3633,1437437.177734375
849,8756,1436358.22265625
850,6761,1436263.7412109375
851,7263,1435195.890625
852,6862,1434596.0
853,3634,1434226.349609375
854,6373,1433592.9521484375
855,6145,1425641.865234375
856,7856,1423499.44921875
857,3859,1419948.51953125
858,4252,1417513.794921875
859,9877,1415231.130859375
860,7567,1414510.9577636719
861,5472,1413091.9912109375
862,6864,1410301.1748046875
863,6174,1410271.021484375
864,3964,1409921.32421875
865,7059,1409745.7509765625
866,4877,1408190.1435546875
867,4262,1408168.9501953125
868,3750,1406484.3671875
869,3970,1405113.576171875
870,7523,1404820.7658691406
871,1250,1404636.28515625
872,6645,1402985.79296875
873,6463,1402806.59375
874,6652,1401420.2548828125
875,3436,1401158.638671875
876,3949,1400819.244140625
877,7469,1398331.080078125
878,4064,1397364.9931640625
879,4152,1394831.8408203125
880,6144,1393636.1796875
881,7755,1392943.728515625
882,4765,1390582.7841796875
883,7554,1390156.986328125
884,6876,1388815.0556640625
885,8677,1386927.73046875
886,7570,1386427.6416015625
887,4777,1383339.7133789062
888,8154,1382456.439453125
889,6977,1380156.2734375
890,5549,1379706.7626953125
891,8373,1379379.73828125
892,7370,1379188.4348144531
893,8671,1378834.5537109375
894,6147,1378169.837890625
895,6273,1375784.96875
896,8053,1375433.103515625
897,1151,1374929.33203125
898,8089,1370343.4501953125
899,6545,1370084.107421875
900,8190,1369253.302734375
901,6754,1369092.11328125
902,6656,1367539.634765625
903,3849,1366455.8876953125
904,6750,1365788.716796875
905,3650,1363317.181640625
906,3763,1362714.15625
907,3536,1362170.388671875
908,3559,1360952.66015625
909,3860,1360817.9384765625
910,6572,1360660.7548828125
911,6968,1359310.6982421875
912,3965,1359280.1904296875
913,8957,1359026.126953125
914,6046,1358720.0283203125
915,6659,1356377.7055664062
916,6456,1355263.0834960938
917,5665,1354698.857421875
918,7470,1354654.8193359375
919,8734,1351567.916015625
920,8771,1351477.5458984375
921,3437,1350400.376953125
922,6563,1348755.169921875
923,3961,1347502.1064453125
924,7952,1347463.494140625
925,7051,1345520.716796875
926,6559,1344927.5205078125
927,6553,1344174.376953125
928,4049,1342444.794921875
929,6549,1340401.1259765625
930,3432,1339782.62890625
931,3749,1332253.72265625
932,7077,1330604.216796875
933,8772,1328524.3671875
934,4642,1327614.8779296875
935,3948,1326661.314453125
936,7667,1326058.9047851562
937,8855,1324845.275390625
938,3533,1323971.923828125
939,7173,1322623.0546875
940,6746,1322424.638671875
941,5243,1322001.1689453125
942,6963,1320106.583984375
943,9985,1320050.53515625
944,7071,1320015.8056640625
945,6653,1318910.6787109375
946,5977,1318209.2265625
947,7756,1316033.28515625
948,9484,1309913.369140625
949,3655,1309647.865234375
950,7058,1309359.029296875
951,3759,1308541.9521484375
952,8562,1308107.6328125
953,7870,1304219.6440429688
954,6962,1304162.3505859375
955,7571,1303275.8408203125
956,4052,1299993.6474609375
957,3947,1299926.8017578125
958,8470,1295691.92578125
959,4869,1295242.0146484375
960,4146,1294689.939453125
961,9878,1291511.0732421875
962,8171,1291223.17578125
963,7467,1289685.7390136719
964,4151,1289075.908203125
965,8577,1286294.248046875
966,7985,1286274.53515625
967,4341,1284904.091796875
968,3754,1284788.515625
969,7443,1283780.44140625
970,8273,1283023.08203125
971,7855,1282798.8916015625
972,8276,1282032.03125
973,6666,1280604.6806640625
974,7490,1276975.880859375
975,7491,1276975.880859375
976,9059,1273814.8486328125
977,3537,1273799.064453125
978,5378,1269682.0791015625
979,3967,1266945.34765625
980,3760,1262544.1005859375
981,8670,1261394.017578125
982,4048,1260056.2822265625
983,8084,1259372.4853515625
984,4870,1258665.2451171875
985,8277,1257110.986328125
986,3635,1256755.69140625
987,6869,1255288.4765625
988,8172,1253761.708984375
989,7591,1253066.7177734375
990,4050,1252903.3232421875
991,48,1252877.0888671875
992,7076,1251415.7802734375
993,5978,1251113.53515625
994,5877,1249660.33203125
995,4542,1249519.46484375
996,3651,1248724.9873046875
997,8091,1248356.8955078125
998,4244,1247514.4599609375
999,7754,1246493.640625
1000,6576,1245694.857421875
1001,9159,1243767.5390625
1002,7069,1243441.189453125
1003,3950,1240819.2080078125
1004,4989,1240552.0205078125
1005,3534,1239908.3828125
1006,4145,1238642.638671875
1007,7655,1237035.185546875
1008,5375,1235739.9702148438
1009,3532,1235242.4091796875
1010,8191,1234163.8614501953
1011,8376,1234105.4169921875
1012,7590,1233210.25390625
1013,4844,1232336.228515625
1014,7073,1231882.5439453125
1015,8189,1231158.8115234375
1016,7656,1230374.091796875
1017,3771,1230258.6953125
1018,7466,1226555.4079589844
1019,7053,1226545.5751953125
1020,6959,1222189.4223632812
1021,4144,1222004.26953125
1022,8175,1218445.501953125
1023,5364,1218179.6440429688
1024,9469,1217570.4775390625
1025,4365,1216473.8095703125
1026,7652,1215941.7724609375
1027,8072,1215789.470703125
1028,7369,1213922.0849609375
1029,8377,1213866.955078125
1030,3971,1213417.6298828125
1031,3972,1211751.072265625
1032,5565,1210603.3232421875
1033,5357,1210358.7958984375
1034,7657,1209959.3671875
1035,6957,1209691.8881835938
1036,7953,1207623.017578125
1037,7354,1205947.234375
1038,6579,1205204.7138671875
1039,7885,1204669.1616210938
1040,8974,1204215.0947265625
1041,3535,1201196.73828125
1042,5090,1199560.99609375
1043,8073,1198584.65234375
1044,6967,1198508.62890625
1045,3736,1197008.900390625
1046,3636,1196889.5009765625
1047,7060,1195657.1420898438
1048,4326,1195525.873046875
1049,8071,1195194.2470703125
1050,8176,1195110.8349609375
1051,5847,1191974.8774414062
1052,8173,1191520.3515625
1053,3735,1191255.3056640625
1054,3772,1190347.0439453125
1055,4778,1189186.7734375
1056,7055,1188278.3916015625
1057,4325,1186894.9765625
1058,7651,1186875.337890625
1059,6075,1186393.931640625
1060,9483,1185703.2431640625
1061,7167,1183760.634765625
1062,5763,1183020.0029296875
1063,9583,1182103.435546875
1064,6669,1180778.193359375
1065,7068,1180670.142578125
1066,5045,1179832.013671875
1067,3752,1179611.6337890625
1068,6745,1177088.5625
1069,9569,1176749.1806640625
1070,6854,1176234.8017578125
1071,5174,1174534.505859375
1072,4867,1170122.841796875
1073,7647,1169157.5043945312
1074,7270,1168634.439453125
1075,6396,1168249.7177734375
1076,4864,1167716.6469726562
1077,6496,1167621.2236328125
1078,4944,1167454.2885742188
1079,6366,1164659.02734375
1080,3861,1163401.1318359375
1081,8270,1162925.060546875
1082,9986,1161434.7783203125
1083,6760,1160077.9702148438
1084,7555,1157182.16015625
1085,6397,1157036.140625
1086,8477,1156823.3291015625
1087,6955,1156503.4975585938
1088,8275,1155467.734375
1089,6577,1154195.560546875
1090,7653,1154031.392578125
1091,4679,1154028.783203125
1092,8975,1154005.9951171875
1093,8856,1153941.7509765625
1094,7390,1153685.0947265625
1095,5343,1153495.44921875
1096,5564,1150495.7548828125
1097,8375,1150090.2001953125
1098,5878,1149870.3217773438
1099,8959,1148816.6787109375
1100,7489,1148550.548828125
1101,3673,1147965.6396484375
1102,1051,1146964.7548828125
1103,7973,1145628.501953125
1104,9074,1143575.404296875
1105,6795,1142983.2197265625
1106,6895,1142983.2197265625
1107,8378,1142030.546875
1108,4990,1141897.5087890625
1109,9270,1141893.623046875
1110,7986,1141891.6845703125
1111,3966,1139366.306640625
1112,8085,1137016.5556640625
1113,5277,1136661.1396484375
1114,5142,1135291.0615234375
1115,7671,1134647.5517578125
1116,3649,1134433.9052734375
1117,5774,1133423.2888183594
1118,7343,1133045.3984375
1119,4942,1131363.0615234375
1120,8673,1131220.0087890625
1121,8274,1131041.8935546875
1122,6861,1129275.4008789062
1123,3870,1129227.138671875
1124,4744,1128566.5673828125
1125,4977,1126998.521484375
1126,3674,1126267.369140625
1127,5442,1126220.4011230469
1128,5376,1122715.8193359375
1129,8278,1122178.1748046875
1130,6966,1121747.068359375
1131,9784,1121697.30859375
1132,6868,1120787.1953125
1133,4843,1118014.7509765625
1134,4743,1116630.8813476562
1135,6949,1116585.3840332031
1136,7566,1114515.5600585938
1137,5843,1114461.291015625
1138,7442,1112558.701171875
1139,6894,1111589.7763671875
1140,7991,1111103.48828125
1141,6954,1110246.125
1142,3773,1110090.9892578125
1143,3453,1108565.86328125
1144,9075,1108198.9560546875
1145,7553,1108091.7270507812
1146,8174,1107784.6611328125
1147,9987,1107479.0913085938
1148,3775,1107352.357421875
1149,7889,1105199.5537109375
1150,9984,1104718.7177734375
1151,3865,1104424.4697265625
1152,8773,1103126.919921875
1153,6155,1103045.3046875
1154,8757,1102014.033203125
1155,8055,1101562.4658203125
1156,8269,1100579.8835449219
1157,6556,1100505.1411132812
1158,4228,1099491.072265625
1159,5041,1098351.0458984375
1160,951,1097205.6943359375
1161,5973,1096687.3061523438
1162,6978,1096450.072265625
1163,7078,1095815.0615234375
1164,5274,1095183.5751953125
1165,7156,1093709.9091796875
1166,8076,1092705.4453125
1167,4227,1092615.0166015625
1168,6378,1091135.7783203125
1169,5975,1090069.0268554688
1170,8661,1086020.4755859375
1171,7543,1085971.7314453125
1172,7176,1084596.611328125
1173,9568,1084356.8525390625
1174,3747,1083325.953125
1175,1052,1081899.779296875
1176,7159,1081200.9916992188
1177,4226,1079350.060546875
1178,4669,1079111.1977539062
1179,4866,1077999.3330078125
1180,7339,1076301.1328125
1181,8873,1074980.5087890625
1182,6650,1074464.404296875
1183,7492,1073966.0126953125
1184,3563,1070063.0830078125
1185,5747,1069669.8872070312
1186,6859,1068777.8149414062
1187,6768,1067635.154296875
1188,7854,1066955.4873046875
1189,8858,1064212.279296875
1190,8835,1063038.767578125
1191,9168,1061910.2294921875
1192,8389,1061755.953125
1193,6867,1061108.1767578125
1194,5475,1061024.1689453125
1195,3774,1060874.849609375
1196,7340,1059580.7353515625
1197,6794,1056189.587890625
1198,7724,1055561.4080200195
1199,7988,1054856.5087890625
1200,4164,1053607.091796875
1201,3875,1052151.4892578125
1202,3118,1051902.599609375
1203,6679,1051313.7124023438
1204,7046,1050510.0126953125
1205,8290,1049950.9765625
1206,6855,1048908.4721679688
1207,3433,1047381.6416015625
1208,3753,1046974.193359375
1209,6076,1044837.0126953125
1210,7852,1044630.3662109375
1211,7241,1044570.2744140625
1212,6769,1044503.57421875
1213,8011,1043973.5986328125
1214,8478,1041982.3369140625
1215,6444,1041777.5478515625
1216,5876,1039277.7387695312
1217,6960,1039207.48046875
1218,1152,1038993.677734375
1219,7646,1038944.3151855469
1220,6395,1038680.7119140625
1221,6945,1038171.0263671875
1222,3553,1037987.7900390625
1223,9174,1037816.818359375
1224,5165,1037540.2353515625
1225,9158,1037076.2451171875
1226,7172,1037062.9228515625
1227,8291,1036965.3603515625
1228,9150,1036117.2822265625
1229,8289,1036079.2265625
1230,4827,1034008.982421875
1231,3336,1032459.7109375
1232,7284,1031948.6477050781
1233,3353,1031438.556640625
1234,7045,1030600.26171875
1235,7970,1030205.6708984375
1236,4868,1027119.62109375
1237,6860,1025395.427734375
1238,8656,1024713.966796875
1239,9167,1024573.357421875
1240,8052,1023583.0
1241,6495,1023411.0615234375
1242,3654,1023048.7705078125
1243,8186,1021714.9521484375
1244,5342,1021061.892791748
1245,3946,1020796.724609375
1246,9251,1020661.720703125
1247,6497,1020408.8310546875
1248,7592,1020118.9169921875
1249,7444,1019521.0693359375
1250,8976,1019050.8095703125
1251,3653,1018258.29296875
1252,7954,1017883.0048828125
1253,4871,1016669.7055664062
1254,3845,1016254.2138671875
1255,9058,1016062.630859375
1256,5141,1015354.2312011719
1257,9250,1015190.0146484375
1258,7154,1014646.1513671875
1259,8390,1014046.99609375
1260,4479,1013695.1079101562
1261,3564,1013592.51171875
1262,9060,1012748.9697265625
1263,3657,1011236.2314453125
1264,3874,1011067.9013671875
1265,4664,1010867.4594726562
1266,5464,1010867.291015625
1267,8872,1010723.828125
1268,4267,1009833.3310546875
1269,7725,1009323.8811645508
1270,3652,1009309.0732421875
1271,2246,1008644.7626953125
1272,8852,1008616.134765625
1273,1247,1008318.29296875
1274,9151,1006060.6650390625
1275,247,1002532.3212890625
1276,8388,1002400.2490234375
1277,7644,1001962.40625
1278,5091,1001543.7431640625
1279,3765,1000239.8857421875
1280,8088,1000007.6064453125
1281,7972,999816.8427734375
1282,7050,999569.8940429688
1283,3218,997583.984375
1284,8958,997210.5771484375
1285,7075,995263.125
1286,3660,994969.341796875
1287,8490,994764.7451171875
1288,9175,994728.8974609375
1289,8391,994642.7783203125
1290,6845,994499.64453125
1291,5974,994192.7770996094
1292,952,992458.1748046875
1293,5241,990634.0319824219
1294,3733,990414.25
1295,6651,989032.8564453125
1296,8491,988294.857421875
1297,6354,988221.216796875
1298,3761,987605.431640625
1299,7085,987148.8834228516
1300,9887,986828.60546875
1301,8489,986562.2822265625
1302,3435,985464.984375
1303,3876,985396.2509765625
1304,4465,983991.5805664062
1305,5040,983579.5078125
1306,4379,983283.6958007812
1307,9584,980138.87109375
1308,7057,979470.5375976562
1309,4127,979468.48046875
1310,4266,979378.3369140625
1311,4763,978107.478515625
1312,7239,976908.5302734375
1313,9194,976624.2109375
1314,3434,976507.845703125
1315,3334,976507.845703125
1316,8952,976059.109375
1317,9057,975935.37890625
1318,4940,975803.0141601562
1319,851,975096.3330078125
1320,9477,974567.5654296875
1321,9195,973977.4423828125
1322,4029,973040.99609375
1323,4229,972168.962890625
1324,6676,971459.673828125
1325,4468,970756.0629882812
1326,5976,970532.447265625
1327,7344,969837.8154296875
1328,8570,968770.8984375
1329,9295,968622.73046875
1330,7342,968280.0849609375
1331,6848,968223.1845703125
1332,6846,967136.552734375
1333,4027,966637.92578125
1334,5874,966210.408203125
1335,6877,966147.556640625
1336,9466,966106.369140625
1337,8619,965150.8251953125
1338,4889,964741.2543945312
1339,4742,963901.2573242188
1340,4779,963787.005859375
1341,2146,960852.0947265625
1342,8153,959782.376953125
1343,3253,958935.533203125
1344,7391,958159.1953125
1345,6866,954330.5380859375
1346,3385,953703.599609375
1347,3285,953696.7685546875
1348,6765,953338.59765625
1349,7162,952234.1103515625
1350,6974,951551.029296875
1351,3951,951338.4125976562
1352,7955,950228.2744140625
1353,6044,948323.4013671875
1354,6173,946844.2548828125
1355,5043,945696.7116699219
1356,3867,944890.357421875
1357,7081,944093.7431640625
1358,5373,942543.2841796875
1359,8770,941266.2587890625
1360,1147,941199.529296875
1361,6847,941089.0668945312
1362,8185,940441.2900390625
1363,8919,940313.9931640625
1364,3734,940308.9033203125
1365,4268,938868.9375
1366,3337,938630.1220703125
1367,3554,938469.205078125
1368,3335,937391.9755859375
1369,8621,937105.1455078125
1370,8719,937105.1455078125
1371,8720,937105.1455078125
1372,8819,937105.1447753906
1373,6878,937087.814453125
1374,8519,937022.0765991211
1375,8721,936922.396484375
1376,7544,936406.30859375
1377,8188,933996.603515625
1378,3036,933871.373046875
1379,7757,932082.015625
1380,8960,929856.3681640625
1381,7853,929788.455078125
1382,6695,929740.2529296875
1383,4478,929543.4267578125
1384,3648,928756.587890625
1385,9073,928680.8583984375
1386,8920,927153.859375
1387,4243,926318.529296875
1388,8012,926286.525390625
1389,3663,925639.5556640625
1390,8578,923851.4931640625
1391,8761,923807.2001953125
1392,3664,923560.3466796875
1393,6355,922803.15234375
1394,4941,922608.2856445312
1395,4047,922281.91015625
1396,8851,922153.9951171875
1397,3929,921916.78515625
1398,4767,921217.7397460938
1399,6465,920577.72265625
1400,5379,920312.9848632812
1401,5265,918538.0014648438
1402,9560,917348.29296875
1403,9460,917348.29296875
1404,9561,917348.29296875
1405,9562,917348.29296875
1406,9661,917153.9140625
1407,6964,916315.4033203125
1408,9461,916080.84765625
1409,4842,915697.0632324219
1410,7070,915440.6721191406
1411,8820,915351.0146484375
1412,6946,914533.8681640625
1413,8080,913514.1474609375
1414,3386,913432.1103515625
1415,6749,913176.7797851562
1416,9979,911065.419921875
1417,3672,909788.970703125
1418,9662,909419.46875
1419,2046,909260.8530273438
1420,6256,909054.6645507812
1421,9173,908719.4912109375
1422,3762,908441.595703125
1423,5875,908395.5205078125
1424,7771,908370.4741210938
1425,9396,908131.595703125
1426,7366,908123.2563476562
1427,4129,908123.123046875
1428,7593,908048.6201171875
1429,3873,907780.1533203125
1430,8751,907377.7197265625
1431,8973,906582.36328125
1432,7886,906464.37109375
1433,7453,906084.8388671875
1434,6172,905595.4711914062
1435,7572,905215.5546875
1436,5039,904122.6655273438
1437,2266,903841.8684082031
1438,8086,902573.6455078125
1439,8620,901583.3798828125
1440,8663,901393.8193359375
1441,3454,901378.10546875
1442,8752,901242.8193359375
1443,7624,900407.978729248
1444,7158,900242.6796875
1445,9294,900217.23046875
1446,6244,898557.2709960938
1447,6357,898472.7478027344
1448,8288,897655.9375
1449,7157,897251.1882324219
1450,8758,897091.84765625
1451,7691,896894.5380859375
1452,3776,896336.7768554688
1453,9366,896320.1943359375
1454,9172,896220.0380859375
1455,9395,895794.50390625
1456,347,893693.2001953125
1457,5167,893239.701171875
1458,4028,893045.033203125
1459,1948,892762.3193359375
1460,3675,892251.1904296875
1461,5441,891656.267578125
1462,6467,891551.146484375
1463,7086,891409.9477539062
1464,5341,890973.3291714191
1465,5042,890758.5886230469
1466,1848,890686.416015625
1467,5275,890588.1474609375
1468,7623,889415.6592102051
1469,8636,889260.2470703125
1470,4878,889236.1513671875
1471,9476,888969.3271484375
1472,8180,888783.994140625
1473,8392,888736.546875
1474,9360,887536.3828125
1475,4030,887507.537109375
1476,6454,886246.05078125
1477,6154,884898.08984375
1478,7890,884364.9580078125
1479,8561,884233.244140625
1480,7389,884105.990234375
1481,6865,883834.427734375
1482,9577,883626.2685546875
1483,8488,883014.677734375
1484,3555,882049.181640625
1485,3333,881960.2705078125
1486,7242,881332.5966796875
1487,8660,881250.7236328125
1488,1053,880734.1318359375
1489,6944,880706.3828125
1490,5380,878707.4663085938
1491,9397,878018.4658203125
1492,8469,877996.2490234375
1493,5381,877198.77734375
1494,9157,877125.97265625
1495,9361,876748.0068359375
1496,4051,875450.0112304688
1497,5480,874643.8002929688
1498,8659,874530.841796875
1499,7243,873629.2060546875
1500,7041,873490.4912109375
1501,6779,873425.046875
1502,9377,870572.560546875
1503,6661,870570.2866210938
1504,5166,870234.6064453125
1505,6896,869114.2265625
1506,2936,869065.0830078125
1507,7074,868385.5966796875
1508,3737,868117.83203125
1509,4678,868017.6328125
1510,7645,867491.857421875
1511,3234,867321.1943359375
1512,3866,867165.1875
1513,7177,866804.6337890625
1514,3235,865687.6376953125
1515,5663,865111.2124023438
1516,4966,864489.3842773438
1517,4265,864368.2998046875
1518,8569,863076.7802734375
1519,7884,862988.75390625
1520,5779,862370.5859375
1521,2338,862176.5107421875
1522,9485,861769.4716796875
1523,7424,861423.0458984375
1524,8759,861323.0947265625
1525,3352,861007.9072265625
1526,3037,860067.0166015625
1527,5044,859722.4250488281
1528,8821,859489.0322265625
1529,9660,858440.6142578125
1530,4466,858426.1196289062
1531,5377,857599.4428710938
1532,9462,857582.5830078125
1533,8369,857072.1201171875
1534,9497,856356.88671875
1535,3185,856333.6318359375
1536,9152,856077.3671875
1537,3647,856022.8173828125
1538,4329,855882.5771484375
1539,3665,855829.3623046875
1540,9886,855787.4287109375
1541,6965,855278.09765625
1542,7867,854401.2346191406
1543,8776,853890.3837890625
1544,6379,853715.3081054688
1545,47,852823.3618164062
1546,7525,852427.1204833984
1547,7891,851358.673828125
1548,7791,851133.64453125
1549,2339,850994.587890625
1550,9271,850897.083984375
1551,4766,850704.62109375
1552,7175,850686.2319335938
1553,6660,849912.3579101562
1554,5242,849417.3472900391
1555,8074,849303.015625
1556,3284,849173.294921875
1557,7552,849068.73046875
1558,8559,848807.3525390625
1559,3551,848710.84765625
1560,7892,848695.1865234375
1561,4380,848440.7446289062
1562,5664,848116.9736328125
1563,8652,847859.4765625
1564,7792,847269.2802734375
1565,852,847162.9853515625
1566,9371,846885.6923828125
1567,4369,846823.2084960938
1568,3452,846759.1572265625
1569,7551,846550.359375
1570,6254,845562.8466796875
1571,9170,845354.875
1572,7044,845208.884765625
1573,4130,844722.296875
1574,7971,844211.578125
1575,7142,844203.7275390625
1576,7143,844144.955078125
1577,7542,843714.4990234375
1578,8635,841848.3603515625
1579,8287,841299.6689453125
1580,7790,841070.15234375
1581,8859,840900.9970703125
1582,5374,840232.1948242188
1583,7341,840130.8125
1584,4368,839796.2680664062
1585,9019,839516.3310546875
1586,6344,839493.9858398438
1587,7643,839142.5234375
1588,7753,838533.9501953125
1589,2047,837878.0
1590,9171,837733.955078125
1591,6755,836871.7941894531
1592,9072,836420.24609375
1593,1150,836077.9375
1594,1947,836068.806640625
1595,7666,835925.859375
1596,7440,835895.267578125
1597,8669,835862.2021484375
1598,8977,835706.0146484375
1599,3236,835608.0283203125
1600,8552,835381.2426757812
1601,7887,835080.890625
1602,5849,834858.6391601562
1603,8739,834819.451171875
1604,1346,834576.935546875
1605,2147,833245.7348632812
1606,7145,831909.82421875
1607,3184,831623.640625
1608,7871,831582.0708007812
1609,9296,831354.392578125
1610,8871,830321.4638671875
1611,9876,830073.80859375
1612,8818,829952.8759765625
1613,2045,829266.173828125
1614,3768,829082.8974609375
1615,8387,828878.072265625
1616,3463,828875.3369140625
1617,7441,828359.462890625
1618,4480,828124.9760742188
1619,3549,827643.9350585938
1620,6776,827061.4907226562
1621,9258,826693.228515625
1622,4569,825752.080078125
1623,8560,825437.0888671875
1624,8956,824396.85546875
1625,9169,824313.6474609375
1626,7141,824013.109375
1627,8638,823826.923828125
1628,3282,823777.2048339844
1629,3182,823777.2048339844
1630,6677,823773.3994140625
1631,3183,823758.1650390625
1632,6777,823559.2436523438
1633,6778,823559.2436523438
1634,6678,823559.2436523438
1635,3354,823270.4775390625
1636,3381,821979.0629882812
1637,8179,820116.369140625
1638,7974,820055.7958984375
1639,9770,819953.0703125
1640,7367,819461.4189453125
1641,3380,818891.5522460938
1642,3480,818849.5234375
1643,3481,818844.81640625
1644,3581,818553.708984375
1645,5479,818097.9887695312
1646,7465,816504.09765625
1647,7873,816465.4375
1648,7774,816465.4375
1649,5579,816430.353515625
1650,7968,815494.548828125
1651,9951,814593.990234375
1652,9950,814570.017578125
1653,9949,814524.6279296875
1654,9851,814427.3330078125
1655,3538,814232.466796875
1656,3135,813504.3994140625
1657,8452,813248.9013671875
1658,7773,812830.2890625
1659,7040,812601.5654296875
1660,7766,812270.0688476562
1661,3219,812056.251953125
1662,7140,811973.7900390625
1663,4930,811872.0263671875
1664,7692,811431.9541015625
1665,9850,811421.126953125
1666,5778,811311.6662597656
1667,7625,809870.8135070801
1668,3283,809672.916015625
1669,1949,808188.5834960938
1670,3928,808109.62890625
1671,4726,807936.7587890625
1672,3136,807846.86328125
1673,5476,807435.6103515625
1674,9076,806590.0693359375
1675,9778,805650.8271484375
1676,7992,804668.248046875
1677,8568,804070.4228515625
1678,7257,803748.7944335938
1679,2337,803440.353515625
1680,5437,802800.41796875
1681,8639,802233.5546875
1682,8755,800602.341796875
1683,4467,800361.2924804688
1684,7493,799876.115234375
1685,3973,799862.6860351562
1686,6796,799524.3115234375
1687,9771,799329.365234375
1688,7690,797838.06640625
1689,6255,796809.0068359375
1690,8177,796524.79296875
1691,9777,796105.46875
1692,4764,795527.4291992188
1693,4230,795386.865234375
1694,3550,795086.3994140625
1695,7556,794914.0068359375
1696,3637,794168.5439453125
1697,3580,793736.6518554688
1698,2935,792020.8935546875
1699,3671,790112.5947265625
1700,7639,789167.6767578125
1701,5074,789077.0263671875
1702,5030,788515.2763671875
1703,8740,788456.8701171875
1704,8184,788142.0375976562
1705,7161,787855.767578125
1706,7872,787310.8950195312
1707,7839,787066.2646484375
1708,7739,786919.6689453125
1709,2144,786908.6293945312
1710,9398,785488.451171875
1711,4768,785081.2729492188
1712,7888,785064.33984375
1713,5679,784536.7016601562
1714,8918,784386.1103515625
1715,7358,783228.3051757812
1716,3565,782848.318359375
1717,7746,782712.1569824219
1718,9585,782062.916015625
1719,8735,781970.2412109375
1720,9750,781969.3154296875
1721,9095,781770.4130859375
1722,7874,780982.2993164062
1723,4929,779984.298828125
1724,7174,779948.8764648438
1725,7752,778853.1279296875
1726,3566,778740.802734375
1727,4067,778470.630859375
1728,8738,778117.1630859375
1729,7840,777117.1201171875
1730,7540,776758.50390625
1731,3974,776216.37890625
1732,7932,776123.4936523438
1733,5648,775868.734375
1734,8187,775846.27734375
1735,7080,775833.150390625
1736,1347,775741.423828125
1737,7160,775729.9909667969
1738,8854,775644.9404296875
1739,9496,775032.595703125
1740,4727,774696.2646484375
1741,9297,774576.78125
1742,3332,774289.4892578125
1743,8953,773843.068359375
1744,4143,773716.552734375
1745,2654,773335.9501953125
1746,7672,773279.3237304688
1747,6948,773209.5817871094
1748,3254,772931.791015625
1749,7353,772578.4921875
1750,2655,772551.205078125
1751,7244,772260.4326171875
1752,8792,771945.533203125
1753,7126,771838.470703125
1754,7026,771838.470703125
1755,2934,771762.736328125
1756,7152,771493.6467285156
1757,3117,771468.421875
1758,7054,771382.490234375
1759,4070,771222.5629882812
1760,7740,771037.6337890625
1761,8051,771001.765625
1762,8590,770954.0341796875
1763,7640,770612.08984375
1764,7226,770510.7734375
1765,9567,770470.2998046875
1766,7227,770244.599609375
1767,3438,770062.1611328125
1768,7541,769642.90234375
1769,9669,769515.1484375
1770,6947,768983.3344726562
1771,9475,768780.2045898438
1772,9066,768602.8662109375
1773,7589,768303.8642578125
1774,7931,767868.4965820312
1775,8668,767763.2021484375
1776,3930,767553.8271484375
1777,3382,767014.2587890625
1778,9376,766989.939453125
1779,9751,766652.8466796875
1780,8460,766462.1513671875
1781,7047,765743.685546875
1782,8658,765443.8857421875
1783,8718,765354.53515625
1784,7144,765151.1787109375
1785,3828,764148.0419921875
1786,8935,763853.7119140625
1787,3548,763578.2309570312
1788,8193,763552.275390625
1789,7269,763455.2329101562
1790,8192,763344.6484375
1791,8092,762968.4404296875
1792,4568,762843.439453125
1793,7815,762657.1411132812
1794,9068,762593.1552734375
1795,9275,762458.548828125
1796,7039,761836.17578125
1797,8093,761443.1728515625
1798,8181,760252.1103515625
1799,6356,759910.2451171875
1800,8558,759788.470703125
1801,9582,759729.4072265625
1802,5481,759673.4389648438
1803,9067,759602.08203125
1804,8279,759431.326171875
1805,7772,758787.5317382812
1806,7641,758332.8359375
1807,8441,757958.7919921875
1808,7393,757904.333984375
1809,5140,756876.8549804688
1810,7714,756752.0766601562
1811,953,756261.77734375
1812,3927,755906.4111328125
1813,8972,755826.31640625
1814,8459,755716.8017578125
1815,5775,755566.1096191406
1816,9252,755158.609375
1817,9470,755132.8779296875
1818,1655,754366.2004394531
1819,7171,754339.1181640625
1820,3769,754234.66015625
1821,1755,754166.7387695312
1822,9879,754125.087890625
1823,7127,753956.455078125
1824,9948,753862.03515625
1825,9888,753087.8374023438
1826,1756,753085.4602050781
1827,3467,752853.2919921875
1828,9559,752552.0078125
1829,6885,752324.4052734375
1830,4378,752147.4375
1831,3975,752121.3383789062
1832,1847,751618.3547363281
1833,7139,751522.3798828125
1834,9196,751214.4609375
1835,9785,750602.6796875
1836,8442,750527.1845703125
1837,8342,750280.13671875
1838,9474,750005.2294921875
1839,9789,749963.3637695312
1840,9280,748909.8354492188
1841,9070,747954.3369140625
1842,9149,747167.9462890625
1843,9071,746172.2958984375
1844,8242,745990.3901367188
1845,4928,745726.3115234375
1846,6297,745713.3579101562
1847,9551,745616.2685546875
1848,1856,745404.7475585938
1849,3877,745185.2739257812
1850,9180,745153.8779296875
1851,7439,745023.2211914062
1852,4280,743996.478515625
1853,9769,743969.2255859375
1854,8070,743512.1064453125
1855,3668,743164.400390625
1856,8520,743128.78125
1857,6694,742767.134765625
1858,9552,741681.375
1859,8971,741471.21875
1860,1246,740017.4921875
1861,5578,739844.4721679688
1862,9052,739808.068359375
1863,9451,739653.6850585938
1864,9651,739577.2631835938
1865,9768,739535.7890625
1866,9652,739412.59765625
1867,8243,739149.3520507812
1868,8280,738872.09765625
1869,6879,738715.6743164062
1870,7138,738695.19140625
1871,9452,738690.6762695312
1872,9094,738648.029296875
1873,5673,738592.3366699219
1874,9352,738571.6967773438
1875,3729,738522.1303710938
1876,5580,738517.794921875
1877,9351,738501.7856445312
1878,5478,738348.4536132812
1879,9668,738029.6298828125
1880,4828,738014.46875
1881,3552,737802.6220703125
1882,5280,737303.8374023438
1883,8379,737105.943359375
1884,8075,736680.5991210938
1885,5879,736487.0478515625
1886,7355,736422.703125
1887,8380,736122.98828125
1888,7043,735685.1455078125
1889,5066,735384.8349609375
1890,3482,735332.7993164062
1891,8876,734666.7855834961
1892,8892,731457.4365234375
1893,3632,731255.6630859375
1894,3767,731196.1845703125
1895,4044,730722.7255859375
1896,7326,730717.0966796875
1897,9257,730693.208984375
1898,9870,730612.748046875
1899,7956,730065.64453125
1900,9459,729940.791015625
1901,9677,729911.4365234375
1902,7327,729140.6791992188
1903,9281,729117.4470214844
1904,850,728939.0151367188
1905,8343,728562.8862304688
1906,7857,728325.6669921875
1907,9869,727318.1953125
1908,9790,726663.0170898438
1909,8657,725887.4169921875
1910,5880,725742.765625
1911,3827,725634.4462890625
1912,3084,725307.828125
1913,3018,725007.4580078125
1914,7993,724467.92578125
1915,9849,724034.8139648438
1916,3662,723970.4145507812
1917,7455,723162.4624023438
1918,8094,722799.431640625
1919,9381,722732.287109375
1920,7042,722635.0278320312
1921,8863,722166.9482421875
1922,3119,721253.916015625
1923,7027,720820.5161132812
1924,4978,720237.298828125
1925,8281,720085.5234375
1926,7545,720003.8134765625
1927,2247,719608.5335693359
1928,8886,719300.3950195312
1929,8640,719162.798828125
1930,8853,718186.5146484375
1931,2345,717923.228515625
1932,8557,717907.236328125
1933,8487,717611.6430664062
1934,8951,717581.736328125
1935,4279,717453.748046875
1936,8194,717030.2392578125
1937,8292,716351.5224609375
1938,1855,716109.5537109375
1939,8885,715991.3110351562
1940,4269,715316.6694335938
1941,1656,715287.7307128906
1942,8083,715272.3295898438
1943,9653,714582.5966796875
1944,5749,714567.6591796875
1945,8152,713062.3151855469
1946,9256,713011.978515625
1947,1849,712708.0341796875
1948,7425,712066.4033203125
1949,5278,711558.3793945312
1950,3451,710699.779296875
1951,6648,710645.2724609375
1952,3137,710346.09765625
1953,8079,710266.3857421875
1954,3035,710256.7744140625
1955,5748,710139.6730957031
1956,7539,710036.240234375
1957,7565,710032.9916992188
1958,9380,709128.3361816406
1959,3384,709008.6728515625
1960,7987,708509.28515625
1961,6654,708471.0615234375
1962,4072,707865.22265625
1963,1654,707397.1694335938
1964,7984,707222.5151367188
1965,7253,707170.7412109375
1966,7258,706989.9063110352
1967,9181,706969.7407226562
1968,7747,706720.0947265625
1969,7814,706363.4418945312
1970,3085,706301.2963867188
1971,6595,706067.4521484375
1972,7273,705851.8227539062
1973,7146,705368.0185546875
1974,8553,705240.865234375
1975,1946,705065.2337646484
1976,8112,704882.0986328125
1977,2554,704359.15234375
1978,3034,704297.6162109375
1979,9273,704057.8510742188
1980,9156,703197.763671875
1981,3217,702957.193359375
1982,9080,702372.0578613281
1983,4880,702189.0654296875
1984,4566,702028.4682617188
1985,9482,701836.3486328125
1986,9690,701758.4965820312
1987,3083,701304.7165527344
1988,6478,700721.43359375
1989,3134,700669.869140625
1990,3829,700562.2685546875
1991,751,700211.2608337402
1992,5240,699647.9981718063
1993,2348,698860.0354003906
1994,3945,698715.205078125
1995,8877,698578.2001953125
1996,3286,698170.9931640625
1997,4829,696970.2587890625
1998,9096,696532.806640625
1999,3318,695821.0126953125
2000,3418,695821.0126953125
2001,9097,695155.3837890625
2002,246,694912.3530273438
2003,2438,694621.5356445312
2004,9155,694472.2529296875
2005,4073,693960.9282226562
2006,9272,693919.8056640625
2007,9160,693629.822265625
2008,8836,692744.1962890625
2009,3579,692396.265625
2010,6980,691876.2407226562
2011,3319,691243.146484375
2012,7674,690965.7133789062
2013,3777,690620.9545898438
2014,6748,690457.1748046875
2015,9274,690238.404296875
2016,8997,690057.6474609375
2017,9298,689973.2890625
2018,7180,689711.7893066406
2019,9166,689692.564453125
2020,4769,689270.49609375
2021,9359,688645.453125
2022,9197,686862.4228515625
2023,4841,686859.6538085938
2024,8651,686406.9916992188
2025,8151,686315.9643554688
2026,4133,685156.8471679688
2027,9081,684947.7609863281
2028,5780,684636.4975585938
2029,7673,684221.6264648438
2030,3728,683560.8764648438
2031,2586,683435.3193359375
2032,8244,683391.1416015625
2033,8252,683281.5551757812
2034,853,682778.8125
2035,3835,682342.1494140625
2036,7786,681998.0556640625
2037,3680,681718.0581054688
2038,2437,681392.2895507812
2039,2933,681216.931640625
2040,9266,681208.9169921875
2041,8891,680431.8974609375
2042,3331,680028.8330078125
2043,9952,679925.9296875
2044,9357,679795.0458984375
2045,8453,679647.7578125
2046,2485,679554.3369140625
2047,9752,679445.9228515625
2048,6767,679364.9897460938
2049,2585,679098.046875
2050,9761,678897.736328125
2051,6477,678715.1318359375
2052,6981,678377.4655761719
2053,8618,677940.6630859375
2054,8144,677926.0478515625
2055,5279,677884.9677734375
2056,8143,677857.35546875
2057,7392,677757.9636230469
2058,2631,677329.0234375
2059,9659,677051.296875
2060,6398,677020.154296875
2061,3483,676454.2172851562
2062,2632,676401.837890625
2063,9889,676064.1489257812
2064,7460,675524.2009277344
2065,8381,675501.26171875
2066,4666,675441.0043945312
2067,8791,675362.3544921875
2068,2486,675328.326171875
2069,7787,675314.3315429688
2070,3779,674679.2934570312
2071,3780,674679.2934570312
2072,3778,674679.2934570312
2073,3678,674679.2934570312
2074,3679,674679.2934570312
2075,8492,674486.8359375
2076,9082,674282.73046875
2077,7951,674096.9921875
2078,2248,673930.9739990234
2079,4564,673724.5219726562
2080,3383,673507.9350585938
2081,9358,673304.375
2082,9458,673304.375
2083,9558,673304.375
2084,9457,673289.28125
2085,9557,673275.259765625
2086,2555,673142.19921875
2087,8589,672988.580078125
2088,4425,672404.7080078125
2089,8032,672318.9096679688
2090,7813,672269.8212890625
2091,8031,672163.8359375
2092,4879,672118.853515625
2093,5848,671856.3771972656
2094,8111,671223.7026367188
2095,4979,670653.6206054688
2096,4281,670519.466796875
2097,1757,669664.9033203125
2098,9890,668507.4633789062
2099,8556,667861.208984375
2100,9776,667316.2900390625
2101,9852,667202.900390625
2102,9056,666566.1469726562
2103,3379,666518.69921875
2104,3479,666503.107421875
2105,8458,666360.4404296875
2106,3082,665958.1457519531
2107,4728,665829.4326171875
2108,3727,665519.4916992188
2109,9182,665469.3537597656
2110,7980,665465.7119140625
2111,2732,665459.4404296875
2112,9980,665076.6166992188
2113,7933,665038.5776367188
2114,8414,664908.6083984375
2115,7723,664869.9651489258
2116,9595,664521.876953125
2117,9695,664521.876953125
2118,9596,664521.876953125
2119,9696,664398.0083007812
2120,3944,664294.4370117188
2121,8283,663757.1467285156
2122,8611,663506.533203125
2123,7557,663425.134765625
2124,8410,663423.5634765625
2125,8510,663404.3798828125
2126,8178,663138.6484375
2127,3572,662997.9047851562
2128,8282,662978.5859375
2129,8521,662617.0493164062
2130,7259,662579.1878051758
2131,7025,662304.833984375
2132,9576,661506.4177246094
2133,6455,661290.7553710938
2134,4032,661267.9033203125
2135,9553,661187.5805664062
2136,9786,660496.3212890625
2137,9658,660456.52734375
2138,7384,660244.8972167969
2139,8966,660108.8715820312
2140,8996,659932.0766601562
2141,8383,659581.9724121094
2142,8655,658958.9321289062
2143,7638,658838.5302734375
2144,9670,658794.4350585938
2145,4579,658791.408203125
2146,8183,658537.8566894531
2147,9650,658327.8530273438
2148,8622,657554.8403320312
2149,6994,657310.546875
2150,3255,657142.7651367188
2151,2731,657088.5302734375
2152,8970,656966.0063476562
2153,7368,656954.8908691406
2154,8113,656942.841796875
2155,8081,656804.6801757812
2156,2439,656697.88671875
2157,9486,656649.0615234375
2158,4377,656475.9038085938
2159,4277,656386.154296875
2160,9657,656154.357421875
2161,8010,656118.6650390625
2162,8155,655804.5390625
2163,4033,655574.84375
2164,8511,655430.9760742188
2165,954,655268.9135742188
2166,3626,654907.6577148438
2167,8468,654796.9775390625
2168,4988,654420.2861328125
2169,3625,654351.3657226562
2170,3878,654196.0288085938
2171,7325,654191.5864257812
2172,6298,653511.919921875
2173,9386,653449.3623046875
2174,6979,653446.5444335938
2175,7079,653446.5444335938
2176,3431,652992.0673828125
2177,8563,652759.1831054688
2178,8352,652436.3208007812
2179,8050,652371.96875
2180,9762,652301.1953125
2181,9947,652029.86328125
2182,8033,651449.3168945312
2183,2538,651371.8637695312
2184,3486,650662.6752929688
2185,3233,650590.32421875
2186,3879,650443.1450195312
2187,8991,650325.5224609375
2188,3844,650172.1098632812
2189,4741,650163.8703613281
2190,6780,649980.9111328125
2191,9682,649924.6103515625
2192,9848,649814.2905273438
2193,9276,649634.4873046875
2194,2733,649413.484375
2195,9300,649407.7294921875
2196,5776,649258.4399414062
2197,8182,648462.3852539062
2198,4165,648197.6298828125
2199,2347,648164.3163452148
2200,7642,647760.779296875
2201,6880,647372.7133789062
2202,8145,647294.6083984375
2203,8082,646384.7470703125
2204,3458,645679.7211914062
2205,6649,645572.9609375
2206,3880,645182.32421875
2207,5465,644927.0034179688
2208,4278,644770.33203125
2209,8253,644739.5166015625
2210,2239,644531.296875
2211,7713,644182.7016601562
2212,6995,644069.208984375
2213,9970,644031.1875
2214,3638,643863.2192382812
2215,9498,643413.384765625
2216,9481,642475.5947265625
2217,1857,642432.4011230469
2218,4065,642182.5151367188
2219,6479,642031.6435546875
2220,9875,641411.275390625
2221,3726,641038.9428710938
2222,8785,640914.42578125
2223,7785,640675.5041503906
2224,2835,640501.4135742188
2225,8419,640148.302734375
2226,8514,640083.6708984375
2227,2537,639621.2763671875
2228,7426,639565.7905273438
2229,2539,639263.6416015625
2230,6766,639176.3134765625
2231,3220,639055.4995117188
2232,1754,638532.064453125
2233,4031,636868.5703125
2234,3677,636662.9560546875
2235,7125,636404.9580078125
2236,7847,635449.0205078125
2237,7267,634802.8215332031
2238,1652,634802.7670898438
2239,7265,634705.7709960938
2240,2833,634507.2998046875
2241,7268,634394.9384765625
2242,750,634273.50390625
2243,8786,634043.5366210938
2244,3484,633961.6171875
2245,2244,633665.3857421875
2246,8142,633408.7329101562
2247,6596,633385.0576171875
2248,7976,632935.576171875
2249,8087,632935.0595703125
2250,3781,632772.6708984375
2251,955,632686.1528320312
2252,3732,632087.6547851562
2253,7841,631554.0952148438
2254,2190,631493.94921875
2255,2089,631493.94921875
2256,9375,631411.01953125
2257,8030,631366.3051757812
2258,8170,631057.4050292969
2259,9597,631001.3486328125
2260,4873,630899.3286132812
2261,5649,630076.9931640625
2262,7225,629932.8774414062
2263,7893,629811.158203125
2264,8044,629724.0751953125
2265,2290,629678.970703125
2266,2584,628646.6069335938
2267,9871,628518.7109375
2268,3485,627992.662109375
2269,4830,627384.6171875
2270,4038,627315.5751953125
2271,9656,627245.126953125
2272,8341,627142.8334960938
2273,7784,627016.5302734375
2274,5674,626685.1105957031
2275,4370,626210.3647460938
2276,8753,625380.9624023438
2277,3676,625270.1640625
2278,7168,624873.1354980469
2279,3237,624390.7373046875
2280,2189,624371.1328125
2281,1552,624165.8149414062
2282,866,624053.8818359375
2283,2984,623639.5471191406
2284,8955,623141.154296875
2285,865,622418.6997070312
2286,4939,622078.2993164062
2287,8353,621922.5356445312
2288,4328,621599.0766601562
2289,8967,621502.677734375
2290,4469,621397.5443115234
2291,950,621235.982421875
2292,4131,620589.1958007812
2293,2587,620292.0952148438
2294,7741,619967.3110351562
2295,8515,619899.833984375
2296,9255,619749.6552734375
2297,3455,619622.2348632812
2298,2834,619091.931640625
2299,2391,619062.23828125
2300,7866,618715.0446777344
2301,3320,618505.1967773438
2302,8986,618467.2939453125
2303,3321,618062.6713867188
2304,5180,617822.2670898438
2305,9946,617315.6127929688
2306,9760,617170.177734375
2307,3231,617100.6982421875
2308,4667,616838.048828125
2309,3464,616608.5400390625
2310,1653,616385.2080078125
2311,3836,615869.6723632812
2312,8591,615817.4877929688
2313,9859,615784.9331054688
2314,9858,615784.9331054688
2315,9961,615784.9331054688
2316,9759,615784.9331054688
2317,9861,615784.9331054688
2318,9860,615784.9331054688
2319,9758,615779.6362304688
2320,9960,615664.1313476562
2321,3367,615534.56640625
2322,8653,615275.0922851562
2323,2291,615252.8642578125
2324,7266,615231.033203125
2325,9550,615164.9208984375
2326,9190,614897.86328125
2327,8689,614555.0043945312
2328,7665,614518.7983398438
2329,8555,613905.2578125
2330,6143,613810.8583984375
2331,7324,613674.771484375
2332,9450,613417.2202148438
2333,4046,612811.8916015625
2334,4045,612811.8916015625
2335,2985,612785.791015625
2336,4891,612064.1870117188
2337,148,611662.2846679688
2338,8777,611651.6015625
2339,2090,611614.9912109375
2340,9385,611492.1240234375
2341,5777,611059.1459960938
2342,3230,610827.2333984375
2343,9756,610665.2573242188
2344,2237,610388.919921875
2345,9857,610333.14453125
2346,4071,609703.7333984375
2347,3881,609259.8779296875
2348,6296,608780.0981445312
2349,8789,608637.09375
2350,9372,608372.8657226562
2351,7675,608340.9516601562
2352,8954,608268.5834960938
2353,2653,608193.9853515625
2354,2882,608083.4384765625
2355,2983,608083.4384765625
2356,2982,608083.4384765625
2357,2981,608083.4384765625
2358,7153,607812.5610351562
2359,9350,607507.8774414062
2360,8443,607172.7138671875
2361,9091,607109.7978515625
2362,3681,605126.5932617188
2363,7169,605017.5727539062
2364,5031,604990.5014648438
2365,8314,604800.037109375
2366,8245,604129.3916015625
2367,8985,603975.46875
2368,4881,603808.1752929688
2369,9456,603224.2241210938
2370,8457,602536.1782226562
2371,4882,602491.6079101562
2372,4883,602491.6079101562
2373,4276,602072.9584960938
2374,3120,602010.3349609375
2375,9495,601488.5341796875
2376,9969,601304.06640625
2377,1260,601275.5180664062
2378,8440,600890.7802734375
2379,3833,600799.7348632812
2380,9749,600674.380859375
2381,8870,600426.1137695312
2382,9959,600235.2294921875
2383,9570,599721.3188476562
2384,7365,599397.3576660156
2385,8685,599191.1723632812
2386,8793,598909.0864257812
2387,9478,598602.423828125
2388,7722,598351.9393920898
2389,8654,598109.4760742188
2390,9678,597969.572265625
2391,1055,597369.7055664062
2392,5573,596891.8818359375
2393,752,596784.1079101562
2394,8897,596660.3579101562
2395,5944,596398.2099609375
2396,2937,596299.953125
2397,7765,595501.9738769531
2398,3666,595338.0634765625
2399,2884,595192.7895507812
2400,9090,594423.7407226562
2401,9757,594379.3203125
2402,5737,594334.9145507812
2403,766,594277.0874023438
2404,7445,594087.818359375
2405,3766,594087.15625
2406,2385,593944.4140625
2407,3427,593725.6489257812
2408,4074,593546.8125
2409,7561,592860.4072265625
2410,9054,592728.6982421875
2411,3556,592677.7119140625
2412,8790,592307.3798828125
2413,2685,592164.8828125
2414,8311,591940.9360351562
2415,7789,591900.830078125
2416,9356,591887.4077148438
2417,7738,591574.92578125
2418,8541,591371.8198242188
2419,2883,591062.2424316406
2420,9847,590922.2182617188
2421,8992,590913.4838867188
2422,9962,590836.7202148438
2423,8637,590689.6596679688
2424,3368,590688.919921875
2425,7882,590576.6357421875
2426,9362,590519.0771484375
2427,9581,590385.0771484375
2428,9299,590156.5541992188
2429,7983,590050.91796875
2430,2238,589987.9301757812
2431,7883,589877.2939453125
2432,7982,589877.2939453125
2433,8212,589787.0141601562
2434,2755,589637.3432617188
2435,3932,589436.3662109375
2436,8612,589346.763671875
2437,3326,589336.7475585938
2438,8513,589251.1884765625
2439,8211,589221.244140625
2440,5575,588780.1252441406
2441,9365,588485.6962890625
2442,3281,588137.2399902344
2443,9154,587998.5634765625
2444,8293,587995.9936523438
2445,4565,587932.3076171875
2446,8754,587533.7021484375
2447,2786,587499.326171875
2448,3153,587334.978515625
2449,3628,587269.8969726562
2450,9472,586537.484375
2451,2686,586527.7846679688
2452,2886,586415.6220703125
2453,2887,586328.7426757812
2454,9573,585780.2846679688
2455,5576,585284.6311035156
2456,1555,584296.1806640625
2457,3661,584241.712890625
2458,2986,584026.705078125
2459,8315,583952.8115234375
2460,8978,583905.2094726562
2461,7940,583895.7607421875
2462,5526,583884.138671875
2463,7783,583870.447265625
2464,8251,583856.203125
2465,3547,583799.9731445312
2466,7775,583710.6589355469
2467,3330,583611.94140625
2468,956,583367.482421875
2469,2785,583191.0366210938
2470,5127,582939.611328125
2471,8420,582380.8403320312
2472,9556,582353.1059570312
2473,6318,582312.9501953125
2474,4628,582102.5239257812
2475,7364,582085.48828125
2476,9018,582005.228515625
2477,9775,581548.1884765625
2478,2885,581348.927734375
2479,2787,581348.2783203125
2480,4629,581299.0458984375
2481,8512,580925.6025390625
2482,4132,580655.9326171875
2483,1684,580568.5234375
2484,9697,580508.916015625
2485,4980,580447.353515625
2486,3081,580017.2158203125
2487,9189,580016.38671875
2488,8043,579968.162109375
2489,2832,579719.04296875
2490,4770,579563.1047363281
2491,9055,579322.7241210938
2492,9574,579058.18359375
2493,4381,579015.8354492188
2494,3232,578922.4541015625
2495,8509,578623.06640625
2496,8409,578623.06640625
2497,7782,578586.5546875
2498,2734,578582.2495117188
2499,3725,578372.5561523438
2500,8540,578321.7880859375
2501,8382,577753.556640625
2502,5625,577641.2075195312
2503,9854,577488.5517578125
2504,9853,577488.5517578125
2505,9953,577488.5517578125
2506,9955,577488.5517578125
2507,9755,577488.5517578125
2508,9954,577488.5517578125
2509,8692,577423.4384765625
2510,7626,577333.7122192383
2511,9855,577330.4741210938
2512,9990,577094.103515625
2513,5676,576791.3061523438
2514,8990,576448.4287109375
2515,5677,576187.1433105469
2516,9399,575919.7490234375
2517,9089,575843.3725585938
2518,4884,575792.47265625
2519,7084,575604.3728027344
2520,4470,575568.6606445312
2521,2638,575161.7197265625
2522,4668,574930.2309570312
2523,5626,574503.0649414062
2524,8890,574099.4643554688
2525,4376,574001.2485351562
2526,8690,573924.544921875
2527,7950,573742.3369140625
2528,9856,573606.4379882812
2529,7306,573530.7822265625
2530,9689,573521.287109375
2531,8415,573484.2749023438
2532,5126,572978.2998046875
2533,8610,572967.7709960938
2534,2687,572554.5756835938
2535,8613,572281.138671875
2536,3770,572167.36328125
2537,2987,571776.8041992188
2538,9471,571642.2231445312
2539,8554,571599.8779296875
2540,7461,571370.3774414062
2541,7835,571136.4467773438
2542,8310,571013.6240234375
2543,8898,570981.1955566406
2544,8585,570980.9169921875
2545,8411,570899.0048828125
2546,9671,570827.029296875
2547,6394,570740.2822265625
2548,8760,570144.5375976562
2549,8133,570136.474609375
2550,7935,570086.9399414062
2551,7546,570065.982421875
2552,9200,569808.2763671875
2553,8900,569785.6618652344
2554,8899,569785.6618652344
2555,3466,569533.6098632812
2556,4477,569490.171875
2557,5181,569328.2014160156
2558,3931,569234.3408203125
2559,3022,569221.0571289062
2560,3627,568940.0786132812
2561,4782,568838.46875
2562,8035,568775.6376953125
2563,4776,568365.7846679688
2564,5175,568197.3842773438
2565,7934,568169.5551757812
2566,7622,567850.5455932617
2567,7238,567639.8754882812
2568,8023,567490.2618408203
2569,3121,567192.1333007812
2570,8799,567127.2563476562
2571,7936,566855.6245117188
2572,9279,566777.8115234375
2573,4578,566768.916015625
2574,8036,566366.912109375
2575,5365,566214.3950195312
2576,8034,566020.1923828125
2577,8869,565742.3481445312
2578,1054,565264.12109375
2579,8995,565146.26953125
2580,3021,564989.740234375
2581,2888,564898.1313476562
2582,3256,564639.9946289062
2583,8998,564546.4467773438
2584,8887,564360.240234375
2585,7473,564014.0380859375
2586,9186,563788.9272460938
2587,9198,563783.017578125
2588,2639,563775.9892578125
2589,2754,563199.2573242188
2590,8539,562905.5541992188
2591,7744,562771.703125
2592,8049,562361.9663085938
2593,8351,562096.1064453125
2594,3730,561500.8349609375
2595,7981,561499.31640625
2596,9795,561374.1274414062
2597,2057,561139.3637695312
2598,3181,560292.9155273438
2599,4441,560084.4438476562
2600,2366,559706.8100585938
2601,3834,559059.22265625
2602,7846,558838.1650390625
2603,6179,558819.8666992188
2604,9748,558789.693359375
2605,8936,558630.4541015625
2606,9290,558289.6665039062
2607,6494,558249.2172851562
2608,6594,558109.2426757812
2609,6393,558104.287109375
2610,6493,558104.287109375
2611,3357,557944.40234375
2612,6593,557755.8857421875
2613,9753,557753.3637695312
2614,9086,557018.9584960938
2615,8678,556820.7768554688
2616,5226,556689.1997070312
2617,3669,556495.6865234375
2618,7170,556453.24609375
2619,5281,556450.3889160156
2620,3639,556399.609375
2621,9387,556106.2358398438
2622,5675,555911.2067871094
2623,9945,555542.8901367188
2624,5637,555331.6982421875
2625,8195,555196.88671875
2626,7373,554483.7553710938
2627,8502,554361.59765625
2628,8893,553998.6254882812
2629,3221,553945.1591796875
2630,9259,553757.697265625
2631,146,553446.3930664062
2632,2656,553278.6435546875
2633,9754,553170.9931640625
2634,5678,553028.9465332031
2635,2386,552424.138671875
2636,6218,551914.4189453125
2637,3933,551777.9194335938
2638,1584,551699.0087890625
2639,7662,551565.3308105469
2640,9598,551289.189453125
2641,9698,551227.5327148438
2642,8769,551022.9560546875
2643,7838,550726.8110351562
2644,3154,550571.8344726562
2645,9473,550503.3623046875
2646,9989,550386.662109375
2647,8884,549984.8696289062
2648,9463,549204.8100585938
2649,7560,548801.7524414062
2650,1553,548406.4204101562
2651,3355,547960.24609375
2652,9788,547786.982421875
2653,9975,547489.5087890625
2654,3017,547456.1469726562
2655,7256,547387.62109375
2656,3426,547367.6567382812
2657,5574,547251.7116699219
2658,3670,546987.33203125
2659,3832,546698.6665039062
2660,9051,546264.7026367188
2661,9277,545903.5864257812
2662,8344,545382.4990234375
2663,9382,544802.2587890625
2664,9846,544564.666015625
2665,6293,544460.4985351562
2666,9098,544346.3706054688
2667,8994,543932.162109375
2668,8894,543932.162109375
2669,9199,543286.1782226562
2670,9747,543161.6342773438
2671,2340,543148.8676757812
2672,7661,543036.3728027344
2673,7488,542989.4892578125
2674,8686,542917.2954101562
2675,8794,542894.2231445312
2676,4330,542500.6875
2677,6554,542484.3410644531
2678,8132,541709.765625
2679,3528,541670.8330078125
2680,1753,541173.7490234375
2681,5577,540669.6672363281
2682,8989,540431.3935546875
2683,9000,540320.3344726562
2684,7743,539448.7314453125
2685,7939,539073.0522460938
2686,5443,538512.3815917969
2687,7742,538421.0327148438
2688,8439,538358.0551757812
2689,4641,538138.1142578125
2690,6317,538106.3217773438
2691,8895,537907.1083984375
2692,2637,537820.4604492188
2693,9487,537280.6494140625
2694,3570,536926.7099609375
2695,1752,536762.1352539062
2696,2738,536688.7827148438
2697,8934,536589.2368164062
2698,8542,536564.3178710938
2699,7494,536403.7724609375
2700,2784,536372.931640625
2701,3629,536300.1508789062
2702,9400,536080.5869140625
2703,7394,535869.3217773438
2704,8161,535414.220703125
2705,4563,535279.1447753906
2706,8416,535259.59765625
2707,6043,534897.5590820312
2708,7842,534733.8447265625
2709,8588,534590.1943359375
2710,8722,534553.2797851562
2711,9699,534514.296875
2712,9958,534477.0234375
2713,3830,533993.2241210938
2714,4665,533935.6533203125
2715,2737,533741.8149414062
2716,5080,533093.125
2717,4729,532852.2846679688
2718,8933,532841.8940429688
2719,4682,532825.6909179688
2720,8069,532038.0358886719
2721,8839,531986.3706054688
2722,1452,531916.01953125
2723,2048,531623.9287109375
2724,8999,531480.4331054688
2725,7224,531197.0151367188
2726,7865,531173.1145019531
2727,5541,530881.0477294922
2728,8134,530734.0615234375
2729,8614,530720.2280273438
2730,1351,530532.1479492188
2731,3573,530449.482421875
2732,7745,530292.6384277344
2733,9691,530195.2333984375
2734,2788,529913.0654296875
2735,2684,529656.345703125
2736,9746,529363.5053710938
2737,1254,529273.6528320312
2738,9956,529250.7783203125
2739,7922,528874.0639648438
2740,7836,528813.7387695312
2741,3831,528422.5522460938
2742,8840,528284.9233398438
2743,8538,528278.8486328125
2744,8888,528094.8701171875
2745,9453,528049.5444335938
2746,8896,527558.3022460938
2747,4840,527331.8464355469
2748,7588,527149.0576171875
2749,7689,527035.451171875
2750,3356,526848.0590820312
2751,2191,526750.7329101562
2752,346,526703.7490234375
2753,7788,526326.4311523438
2754,3529,526321.0922851562
2755,5943,526291.6528320312
2756,8921,526071.8872070312
2757,767,526012.3974609375
2758,8417,525772.9819335938
2759,2782,525536.8537597656
2760,3470,525400.5473632812
2761,8795,525387.1025390625
2762,8261,525264.4926757812
2763,8833,525223.7265625
2764,8537,525133.7822265625
2765,8602,524939.8647460938
2766,2889,524659.0249023438
2767,9100,524642.2192382812
2768,7228,524604.2768554688
2769,6586,524590.9249267578
2770,7385,524527.4350585938
2771,4567,524324.1259765625
2772,8932,524188.4384765625
2773,5130,524160.1669921875
2774,854,524011.1787109375
2775,9099,523286.29296875
2776,9249,523067.0166015625
2777,5078,523064.3515625
2778,7688,522930.5947265625
2779,9282,522738.4074707031
2780,3571,522649.48486328125
2781,8516,522352.2367553711
2782,8337,522318.8681640625
2783,3020,522304.19580078125
2784,4225,522211.51171875
2785,8162,522128.47265625
2786,2630,521887.31787109375
2787,8437,521538.0224609375
2788,3667,521283.505859375
2789,6585,521080.07751464844
2790,4781,521006.39501953125
2791,1056,520967.5537109375
2792,7693,520882.98779296875
2793,8438,520758.7490234375
2794,6686,520495.17712402344
2795,5979,520430.05224609375
2796,8889,520327.11083984375
2797,8968,520267.7341308594
2798,9085,520259.884765625
2799,8045,519584.74951171875
2800,8551,518946.7861328125
2801,8338,518799.853515625
2802,9783,518750.6396484375
2803,7966,518671.47802734375
2804,9119,518520.41357421875
2805,9179,517812.869140625
2806,7587,517783.53857421875
2807,8340,517586.62060546875
2808,2440,517063.427734375
2809,3562,516768.57275390625
2810,3569,516188.61181640625
2811,5225,516073.78515625
2812,7687,515506.41650390625
2813,8339,515368.57080078125
2814,8461,514721.55859375
2815,9676,514602.361328125
2816,6926,514465.837890625
2817,4876,514436.0417480469
2818,849,514426.18212890625
2819,7843,514314.1669921875
2820,8486,514307.6318359375
2821,5128,514012.7626953125
2822,4663,513985.1437988281
2823,8518,513919.607421875
2824,7250,513789.0632324219
2825,8316,513396.27783203125
2826,5799,513213.55615234375
2827,5699,513093.50390625
2828,5698,513043.5595703125
2829,9779,513023.66748046875
2830,6418,512746.9499511719
2831,2688,512217.39599609375
2832,4872,512178.64892578125
2833,3038,511842.16162109375
2834,8950,511294.46337890625
2835,9957,511157.42724609375
2836,2836,511012.2424316406
2837,9286,510690.529296875
2838,2285,510542.8623046875
2839,8210,510481.5146484375
2840,7573,509736.57470703125
2841,1797,509551.6669921875
2842,7574,509525.85107421875
2843,5700,509415.748046875
2844,8800,509084.62646484375
2845,5179,508657.2459716797
2846,7735,508270.7802734375
2847,8988,508241.17138671875
2848,8981,508157.07958984375
2849,867,507947.22509765625
2850,9185,507884.37646484375
2851,1942,507852.26416015625
2852,1842,507852.26416015625
2853,1943,507852.26416015625
2854,2044,507852.26416015625
2855,4167,507365.0107421875
2856,2390,506748.115234375
2857,8262,506676.9873046875
2858,7851,506560.1279296875
2859,3322,506446.2639160156
2860,6466,506021.17333984375
2861,2088,505901.97314453125
2862,7038,505768.80322265625
2863,9020,505435.36669921875
2864,5474,505059.91259765625
2865,8386,505035.8466796875
2866,6592,504683.3701171875
2867,2043,504599.24658203125
2868,4327,504261.42431640625
2869,8160,504075.326171875
2870,7832,503937.021484375
2871,8788,503880.5400390625
2872,8163,503716.60302734375
2873,9069,503477.55908203125
2874,7762,503124.14404296875
2875,8309,503118.0419921875
2876,2640,502840.54248046875
2877,1153,502822.650390625
2878,2633,502248.2509765625
2879,9981,502165.80029296875
2880,1146,502043.34228515625
2881,8286,502007.13134765625
2882,3325,502000.9560546875
2883,5125,501867.80029296875
2884,5382,501814.9006347656
2885,3582,501622.91259765625
2886,855,501607.38720703125
2887,3358,501595.46630859375
2888,8042,501569.65380859375
2889,1748,501356.71826171875
2890,5680,500879.04345703125
2891,7937,500820.23388671875
2892,4481,500362.9931640625
2893,7260,500138.746219635
2894,7406,500076.2021484375
2895,2540,500018.48388671875
2896,4240,499829.6071777344
2897,7328,499696.85400390625
2898,8312,499521.5849609375
2899,7636,499309.99462890625
2900,8110,499267.8212890625
2901,3138,499092.2841796875
2902,3139,499092.2841796875
2903,8013,498941.318359375
2904,7179,498656.7451171875
2905,7938,498516.39404296875
2906,6319,498106.400390625
2907,8037,498028.689453125
2908,2491,497116.314453125
2909,8454,496888.38525390625
2910,2484,496487.6708984375
2911,2837,496023.2626953125
2912,8462,495947.20263671875
2913,4992,495676.2165527344
2914,9772,495555.8879394531
2915,8787,495342.68603515625
2916,7186,495334.20666503906
2917,9681,495165.58203125
2918,1796,495132.15478515625
2919,1854,495130.845703125
2920,6655,495012.5830078125
2921,1989,494914.96240234375
2922,7875,494852.72314453125
2923,8108,494332.341796875
2924,3465,494281.92529296875
2925,3033,494247.89111328125
2926,8109,494240.333984375
2927,1641,494130.94677734375
2928,7834,494049.4765625
2929,7049,493882.29150390625
2930,4239,493677.4990234375
2931,4670,493643.63024902344
2932,1350,493613.92626953125
2933,5899,493509.16796875
2934,8993,493387.01513671875
2935,9920,493325.39501953125
2936,8209,492422.37841796875
2937,9575,492383.2751464844
2938,7850,492272.47509765625
2939,8691,492183.16455078125
2940,9053,492159.79931640625
2941,8931,492018.693359375
2942,1795,491917.79052734375
2943,5525,491823.21728515625
2944,9378,491669.4172363281
2945,7147,491494.263671875
2946,9191,491427.42333984375
2947,5276,491345.857421875
2948,1956,491175.4580078125
2949,7635,491159.71044921875
2950,9088,491086.6904296875
2951,8217,491055.80615234375
2952,2736,490985.07568359375
2953,7637,490842.85009765625
2954,5636,490706.08447265625
2955,3258,490513.94970703125
2956,8831,490423.322265625
2957,5230,490139.22216796875
2958,8451,490080.10107421875
2959,7737,490053.10205078125
2960,9153,489522.11376953125
2961,9289,489181.875
2962,2541,488727.53466796875
2963,8241,488220.8623046875
2964,8022,488100.5729980469
2965,9862,487699.9287109375
2966,9891,487520.5166015625
2967,7338,487506.267578125
2968,8284,487297.8078613281
2969,8141,487275.25
2970,1647,487157.3359375
2971,1747,487157.3359375
2972,8830,487008.71533203125
2973,5079,486760.2060546875
2974,7750,486737.6650390625
2975,8641,486630.97509765625
2976,5800,486550.04052734375
2977,7449,486470.4404296875
2978,4429,486411.84033203125
2979,4738,486247.24853515625
2980,6696,486110.85791015625
2981,8688,486017.4833984375
2982,1349,485828.39990234375
2983,7793,485690.9619140625
2984,4141,485618.8015136719
2985,9655,485321.81787109375
2986,755,485106.91357421875
2987,3350,484991.25048828125
2988,2284,484454.33056640625
2989,7837,484309.1015625
2990,6219,484286.3278808594
2991,3419,484154.37353515625
2992,7048,483968.8037109375
2993,8517,483771.3935546875
2994,4426,483571.92724609375
2995,5229,483480.21337890625
2996,7736,483258.64208984375
2997,3423,483161.1817626953
2998,8137,482824.4404296875
2999,8038,482733.18359375
3000,2384,482369.51220703125
3001,3472,482309.0302734375
3002,9782,482170.95263671875
3003,4140,482143.7116699219
3004,8041,481963.28369140625
3005,8240,481907.72412109375
3006,4166,481875.990234375
3007,7350,481740.3955078125
3008,6787,481703.78955078125
3009,2531,481693.8818359375
3010,8736,481207.03564453125
3011,2349,480965.3908691406
3012,3428,480899.85546875
3013,2783,480790.19580078125
3014,7245,480554.30419921875
3015,7650,480433.68017578125
3016,2487,480152.02685546875
3017,8592,479956.91455078125
3018,3422,479803.0128173828
3019,2683,479716.1770019531
3020,8418,479587.763671875
3021,2682,479580.865234375
3022,7223,479346.18017578125
3023,1696,479325.90283203125
3024,2756,479286.03125
3025,2857,479182.404296875
3026,2757,479182.404296875
3027,9021,478061.62060546875
3028,9120,478060.57421875
3029,9220,478060.57421875
3030,9221,478060.57421875
3031,9121,478060.57421875
3032,9122,478014.5732421875
3033,9320,477934.74267578125
3034,7751,477879.0703125
3035,7941,477646.310546875
3036,3257,477635.16162109375
3037,7279,477629.416015625
3038,8358,477273.77490234375
3039,9219,477183.88525390625
3040,9319,476782.4296875
3041,3471,476775.99462890625
3042,7359,476731.4055175781
3043,2758,476605.0205078125
3044,4582,476091.9677734375
3045,9465,476024.11279296875
3046,3738,475947.3212890625
3047,8237,475934.7958984375
3048,3019,475855.9306640625
3049,8239,475772.849609375
3050,9265,475571.31591796875
3051,1853,475569.78759765625
3052,7967,475511.5363769531
3053,9087,475319.71533203125
3054,3140,475201.296875
3055,4340,475149.2548828125
3056,7178,475084.65869140625
3057,8731,474984.76416015625
3058,3724,474637.57080078125
3059,6693,474633.18115234375
3060,7549,474444.79296875
3061,3456,474398.5412597656
3062,3130,474229.611328125
3063,9321,474030.6181640625
3064,8384,473822.45947265625
3065,1554,473215.5959472656
3066,9787,473204.47314453125
3067,856,472974.6545410156
3068,9285,472871.361328125
3069,2148,472848.1572265625
3070,6492,472309.958984375
3071,9868,472198.21923828125
3072,9261,472180.2724609375
3073,5798,472001.08984375
3074,7912,471884.56201171875
3075,2858,471810.2587890625
3076,1050,471796.451171875
3077,7356,471656.68688964844
3078,7763,471128.8044433594
3079,8317,470740.13916015625
3080,9278,470585.7001953125
3081,7538,470381.30224609375
3082,2919,470248.1416015625
3083,2789,470121.0322265625
3084,1697,469778.4208984375
3085,9035,469731.9736328125
3086,8039,469669.0263671875
3087,6392,469514.58154296875
3088,8667,469494.2109375
3089,8750,469486.56103515625
3090,9193,469451.6728515625
3091,8140,469074.0244140625
3092,7804,468965.4765625
3093,6294,468621.23974609375
3094,7285,468595.8175048828
3095,9165,468595.431640625
3096,2289,468249.17333984375
3097,7965,468147.62548828125
3098,6893,468074.7041015625
3099,2856,467934.68896484375
3100,965,467829.509765625
3101,3837,467593.43798828125
3102,4142,467380.87060546875
3103,9254,467191.9140625
3104,9571,467104.2607421875
3105,9036,466936.849609375
3106,9037,466576.2421875
3107,2730,466435.0859375
3108,9364,466372.51904296875
3109,4043,466088.1865234375
3110,7417,465938.3466796875
3111,6295,465870.740234375
3112,8138,465827.03662109375
3113,5028,465764.091796875
3114,8213,465727.7998046875
3115,8008,465694.55322265625
3116,1259,465691.07373046875
3117,7949,465609.517578125
3118,3527,465281.5847167969
3119,7594,465243.66943359375
3120,8456,465208.93994140625
3121,3131,464968.14013671875
3122,1794,464925.705078125
3123,3578,464922.05419921875
3124,5999,464098.0856933594
3125,6099,464098.0856933594
3126,6100,464098.0856933594
3127,6199,464098.0856933594
3128,7930,463895.27294921875
3129,1742,463755.77978515625
3130,7942,463753.2890625
3131,9590,463651.94775390625
3132,3155,463549.6962890625
3133,8413,463434.904296875
3134,7105,463181.701171875
3135,7005,463181.701171875
3136,7104,463181.701171875
3137,9420,463159.3251953125
3138,1348,463031.97607421875
3139,5319,463021.1881713867
3140,6906,462990.89453125
3141,6098,462954.2302246094
3142,6555,462787.7724609375
3143,8040,462782.28662109375
3144,3462,462580.74853515625
3145,8650,462415.42431640625
3146,9845,462287.41162109375
3147,3539,462086.59326171875
3148,3429,461998.32177734375
3149,7205,461766.9248046875
3150,5980,461585.5734863281
3151,7831,461483.8095703125
3152,2188,461435.98779296875
3153,9050,461389.1875
3154,8930,461350.5009765625
3155,5320,461247.6626586914
3156,4241,461159.1716308594
3157,8009,461130.37158203125
3158,9694,460979.71533203125
3159,8987,460969.3125
3160,8139,460943.65087890625
3161,9982,460531.62841796875
3162,3731,460210.57470703125
3163,7006,460172.046875
3164,9253,459714.216796875
3165,7106,459358.62158203125
3166,7379,459113.5947265625
3167,6200,459111.55810546875
3168,6985,458897.12561035156
3169,3323,458889.35595703125
3170,8861,458690.14208984375
3171,7526,458648.23376464844
3172,9464,458630.56640625
3173,8832,458553.0830078125
3174,3469,458502.0859375
3175,9983,458460.6513671875
3176,9685,458236.87646484375
3177,1897,458000.341796875
3178,9791,457795.5
3179,8860,457715.61962890625
3180,9379,457595.1750488281
3181,9034,457374.22900390625
3182,3365,457369.060546875
3183,3366,457369.060546875
3184,3364,457369.060546875
3185,4181,456796.58447265625
3186,9394,456762.728515625
3187,1953,456665.6669921875
3188,8536,456312.6650390625
3189,1852,456023.56005859375
3190,9222,455837.8623046875
3191,3526,455776.6994628906
3192,3351,455688.25927734375
3193,3122,455664.99560546875
3194,3252,455408.52880859375
3195,4170,455346.5498046875
3196,4180,455181.33837890625
3197,3186,454947.1022949219
3198,8550,454568.47802734375
3199,9049,454444.1220703125
3200,8007,454284.22998046875
3201,3086,454283.7744140625
3202,3976,454213.8486328125
3203,5419,454154.8223876953
3204,8543,454134.49072265625
3205,8014,454037.33349609375
3206,7550,453414.4580078125
3207,2957,453381.12548828125
3208,7450,453343.02490234375
3209,7911,453308.66357421875
3210,8949,453230.0703125
3211,9218,453144.787109375
3212,6198,452914.4973144531
3213,8136,452604.90673828125
3214,8238,452513.56640625
3215,7562,452485.6286621094
3216,9262,452276.78076171875
3217,9591,452139.04150390625
3218,4236,451939.80517578125
3219,5473,451828.9072265625
3220,1453,451777.2314453125
3221,5725,451393.11865234375
3222,1884,451320.3181152344
3223,8114,451071.62744140625
3224,7204,451061.7080078125
3225,7979,451008.21923828125
3226,7407,451004.72802734375
3227,8146,450982.4892578125
3228,7517,450842.66015625
3229,2590,450821.951171875
3230,2589,450821.951171875
3231,2588,450757.1240234375
3232,9363,450593.7646484375
3233,2249,450495.3518066406
3234,1170,450333.47119140625
3235,8712,450172.09521484375
3236,9773,449936.27734375
3237,9683,449920.7607421875
3238,6000,449838.4494628906
3239,2690,449767.966796875
3240,1248,449594.17138671875
3241,7547,449576.623046875
3242,4182,449548.0556640625
3243,4042,449496.07666015625
3244,3056,449491.857421875
3245,3156,449491.857421875
3246,3057,449491.857421875
3247,3157,449491.857421875
3248,9675,449466.7548828125
3249,3523,449436.498046875
3250,8937,448999.365234375
3251,8313,448973.4111328125
3252,7914,448792.4748535156
3253,3746,448521.3486328125
3254,5482,448393.552734375
3255,4529,448293.90625
3256,7548,447931.4091796875
3257,8385,447618.8537597656
3258,1070,447140.462890625
3259,7943,447123.70458984375
3260,2492,446979.337890625
3261,5228,446953.03271484375
3262,4541,446809.6923828125
3263,3826,446792.55322265625
3264,7559,446654.9983520508
3265,8359,446223.001953125
3266,8216,445528.75390625
3267,2689,445528.50390625
3268,5477,445497.0593261719
3269,9684,445208.46875
3270,3825,445194.8408203125
3271,5029,444488.6929016113
3272,9488,444483.8117675781
3273,9563,444451.70068359375
3274,3496,443754.3073730469
3275,4825,443527.001953125
3276,3222,443480.4685058594
3277,5335,443371.0
3278,4638,443365.0480957031
3279,6597,443122.31201171875
3280,7131,442947.2702636719
3281,3567,442845.74853515625
3282,8687,442783.9189453125
3283,7004,442657.9423828125
3284,3824,442158.5673828125
3285,2881,441999.4748535156
3286,3459,441920.7653808594
3287,9774,441411.1716308594
3288,9688,441393.9306640625
3289,8214,441230.029296875
3290,3450,441040.1484375
3291,2956,440768.60888671875
3292,3457,439620.1999511719
3293,7274,439482.90283203125
3294,9594,439372.84814453125
3295,8268,439367.1281738281
3296,4082,438945.9716796875
3297,8066,438587.8161621094
3298,6986,438363.6950683594
3299,7487,438341.0783691406
3300,2831,438294.06689453125
3301,2591,438270.38818359375
3302,3238,438188.91162109375
3303,4681,438147.71630859375
3304,7345,437787.265625
3305,7663,437758.85876464844
3306,7864,437735.15869140625
3307,9796,437595.98486328125
3308,7812,437577.625
3309,448,437564.5314941406
3310,3058,437413.12548828125
3311,2553,437410.5712890625
3312,3624,437315.64013671875
3313,9599,437136.70458984375
3314,7446,437082.5185546875
3315,4540,436961.7746582031
3316,2346,436863.49377441406
3317,5418,436830.1213378906
3318,4440,436700.32958984375
3319,3363,436425.38623046875
3320,8345,436298.88525390625
3321,6079,436187.3264160156
3322,4780,436168.32275390625
3323,9572,436151.2746582031
3324,6080,436071.0505371094
3325,6081,436055.1882324219
3326,3685,435855.1096191406
3327,5881,435530.921875
3328,9176,435129.3828125
3329,4627,434977.470703125
3330,5334,434969.080078125
3331,9673,434780.6279296875
3332,9925,434593.56884765625
3333,1955,434552.111328125
3334,7275,434480.5290527344
3335,3133,434348.16259765625
3336,7910,434346.87744140625
3337,964,434339.39208984375
3338,1648,434288.35498046875
3339,8450,434236.9287109375
3340,2838,434190.3515625
3341,49,434177.70703125
3342,9038,433720.3125
3343,966,433716.3994140625
3344,8318,433715.1142578125
3345,8837,433433.44091796875
3346,3158,433193.99072265625
3347,1952,433187.291015625
3348,9455,433117.99853515625
3349,1071,433093.5791015625
3350,7764,432990.3143310547
3351,9880,432866.79248046875
3352,6634,432734.1795654297
3353,7909,432332.72900390625
3354,7908,432332.72900390625
3355,7809,432312.1728515625
3356,8230,432246.35763549805
3357,7029,432099.1328125
3358,3495,431826.2370605469
3359,9672,431729.4462890625
3360,1883,431553.51123046875
3361,7185,431497.5308227539
3362,8361,431492.671875
3363,6786,431476.3664550781
3364,3239,431470.26416015625
3365,7130,431354.1428222656
3366,2240,431267.2099609375
3367,9781,431171.20947265625
3368,2958,430866.9541015625
3369,2897,430823.6228027344
3370,2898,430823.6228027344
3371,3097,430823.6228027344
3372,3295,430823.6228027344
3373,3296,430823.6228027344
3374,3395,430823.6228027344
3375,3396,430823.6228027344
3376,2997,430823.6228027344
3377,3196,430823.6228027344
3378,2998,430823.6228027344
3379,3098,430818.85546875
3380,3397,430727.04638671875
3381,4081,430705.283203125
3382,8730,430658.44970703125
3383,3195,430444.7404785156
3384,8737,430228.6689453125
3385,7418,430218.8125
3386,9991,430087.31884765625
3387,7129,430019.1979980469
3388,3394,429974.7687988281
3389,1064,429772.56396484375
3390,7028,429706.3903808594
3391,7128,429706.3903808594
3392,4722,429700.2001953125
3393,4721,429700.2001953125
3394,9137,429378.74853515625
3395,6687,428978.97497558594
3396,7975,428933.1015625
3397,9187,428798.5109863281
3398,9924,428789.83740234375
3399,7904,428717.2138671875
3400,8695,428700.2158203125
3401,7388,428531.12255859375
3402,7816,428447.8879394531
3403,8463,427994.78759765625
3404,3055,427769.5224609375
3405,9048,427465.2490234375
3406,2490,426967.623046875
3407,1885,426855.5029296875
3408,9373,426545.94287109375
3409,4339,426358.1853027344
3410,7977,426344.87646484375
3411,9882,426332.5068359375
3412,1957,426069.869140625
3413,8798,425985.7030029297
3414,8796,425920.66748046875
3415,2735,425878.24658203125
3416,6793,425818.8330078125
3417,3198,425788.4306640625
3418,4075,425710.37646484375
3419,6692,425556.8515625
3420,3623,425516.6086425781
3421,9079,425501.73779296875
3422,6792,425350.7236328125
3423,6892,425350.7236328125
3424,6791,425350.7236328125
3425,6891,425342.8671875
3426,8158,425173.07373046875
3427,8078,424870.5478515625
3428,1894,424697.37744140625
3429,8464,424590.73388671875
3430,4242,424558.4328613281
3431,8167,424466.3239746094
3432,2042,424407.62353515625
3433,6807,424070.55224609375
3434,9389,423980.5065917969
3435,7957,423920.98486328125
3436,7808,423873.04833984375
3437,8077,423854.2734375
3438,1954,423847.09423828125
3439,8257,423797.68212890625
3440,8567,423617.16162109375
3441,3568,423514.2939453125
3442,9293,423500.3671875
3443,7709,423326.22119140625
3444,1164,423299.06591796875
3445,9192,423081.837890625
3446,9322,422953.14794921875
3447,4783,422843.5595703125
3448,2149,422653.5300292969
3449,2049,422614.4440917969
3450,9588,422447.94140625
3451,8617,422390.55712890625
3452,7317,422385.4140625
3453,3823,422222.53076171875
3454,9138,422205.2158203125
3455,9177,422005.27685546875
3456,4581,421959.439453125
3457,6927,421672.5222167969
3458,3099,421590.59326171875
3459,4621,421580.11572265625
3460,8260,421480.95947265625
3461,7648,421476.294921875
3462,3424,421189.9631347656
3463,2938,420815.2412109375
3464,3197,420703.0329589844
3465,8479,420615.20703125
3466,2489,420586.74072265625
3467,2441,420582.3134765625
3468,1454,420228.2189941406
3469,9118,420225.9625854492
3470,8362,420200.6884765625
3471,7761,420148.4694824219
3472,8480,420015.13720703125
3473,7474,419989.40673828125
3474,967,419953.45166015625
3475,8068,419898.65771484375
3476,8150,419828.35791015625
3477,1646,419557.42919921875
3478,9183,419170.98828125
3479,3596,418791.8684082031
3480,5599,418764.1716308594
3481,3096,418361.2644042969
3482,8067,418268.6423339844
3483,7881,418018.87890625
3484,8233,417833.01416015625
3485,9092,417676.4541015625
3486,7349,417671.76220703125
3487,1047,417359.87939453125
3488,7978,417323.35888671875
3489,1165,417244.9921875
3490,9263,417161.62890625
3491,4526,417003.7060546875
3492,3943,416934.7978515625
3493,1695,416896.64208984375
3494,6907,416713.3310546875
3495,2988,416591.1970214844
3496,9264,416445.8408203125
3497,5224,416077.0458984375
3498,9292,416048.49365234375
3499,6680,416007.5920410156
3500,9874,415956.1877441406
3501,7237,415900.66162109375
3502,4172,415822.0908203125
3503,4822,415561.2412109375
3504,6194,415537.67822265625
3505,7181,415274.033203125
3506,5131,415211.96923828125
3507,9419,415080.8291015625
3508,8157,414842.3427734375
3509,9188,414820.37744140625
3510,1784,414747.4580078125
3511,7907,414288.767578125
3512,1252,414247.0944824219
3513,9291,414241.7861328125
3514,9390,414236.9990234375
3515,4482,414208.9658203125
3516,8056,413968.70556640625
3517,8057,413968.70556640625
3518,8246,413865.66796875
3519,6533,413428.474609375
3520,3631,413341.3037109375
3521,9799,413293.44970703125
3522,4821,413226.45263671875
3523,5981,413194.9104003906
3524,7536,413068.91259765625
3525,4723,413017.9931640625
3526,7124,412987.6083984375
3527,3982,412945.87109375
3528,3630,412905.19580078125
3529,7024,412891.33056640625
3530,2899,412850.2470703125
3531,5025,412701.1311035156
3532,5600,412681.29296875
3533,2286,412672.75439453125
3534,2932,412574.125
3535,9883,412523.23681640625
3536,7346,412360.578125
3537,8544,412332.89599609375
3538,9700,412311.0576171875
3539,3696,412250.158203125
3540,6691,412155.9375
3541,8258,412107.97265625
3542,6785,412044.63232421875
3543,7413,411998.33447265625
3544,4177,411837.57373046875
3545,3926,411807.30859375
3546,7206,411778.03125
3547,1058,411673.8076171875
3548,3032,411257.380859375
3549,1950,410794.36572265625
3550,8294,410635.173828125
3551,7708,410545.99267578125
3552,7246,410540.6865234375
3553,3449,410499.7392578125
3554,3421,410482.40966796875
3555,1253,410476.4816894531
3556,9093,410474.9248046875
3557,6685,410285.57580566406
3558,3843,410271.470703125
3559,7807,410149.47802734375
3560,1551,410137.14697265625
3561,7706,410067.8332519531
3562,7906,410067.8330078125
3563,7707,410067.8330078125
3564,7806,410067.8330078125
3565,2753,409973.04638671875
3566,868,409810.787109375
3567,1447,409458.81396484375
3568,5627,409414.64208984375
3569,754,409393.3552246094
3570,7447,409149.203125
3571,9077,409083.59521484375
3572,9968,408964.4541015625
3573,2641,408891.05712890625
3574,7252,408774.75158691406
3575,2896,408487.5339355469
3576,4981,408465.33056640625
3577,5088,408447.95568847656
3578,3468,408092.7216796875
3579,4974,407867.90673828125
3580,4739,407427.56103515625
3581,8360,407364.5729980469
3582,6300,407164.7541503906
3583,8285,407103.7604980469
3584,4725,407054.68359375
3585,9944,406810.2431640625
3586,8208,406802.92333984375
3587,3297,406760.4846191406
3588,7915,406638.111328125
3589,7280,406483.72314453125
3590,1158,406300.39013671875
3591,5178,405828.33544921875
3592,8232,405827.1486816406
3593,9083,405514.71630859375
3594,7357,405476.0856933594
3595,7537,405275.2136230469
3596,1057,405189.2900390625
3597,5081,405151.5040283203
3598,650,405137.89501953125
3599,3359,405008.8342285156
3600,5440,404898.90214538574
3601,3199,404800.2666015625
3602,3294,404431.74462890625
3603,1694,404149.80419921875
3604,8156,404111.255859375
3605,7416,404107.75
3606,8642,403930.64013671875
3607,2488,403788.6220703125
3608,6243,403635.1960449219
3609,9355,403563.8203125
3610,9492,403558.37158203125
3611,7229,403555.72607421875
3612,6197,403262.82177734375
3613,6196,403262.82177734375
3614,6096,403097.58349609375
3615,6195,403095.9445800781
3616,9654,403080.830078125
3617,968,402970.21826171875
3618,1065,402855.72216796875
3619,1066,402743.0712890625
3620,7318,402732.44140625
3621,7721,402619.0357055664
3622,8357,402550.7529296875
3623,5639,402471.9929199219
3624,8095,402375.36767578125
3625,4066,402296.80810546875
3626,7360,402091.9299316406
3627,3525,402070.44482421875
3628,8058,402055.060546875
3629,8982,401809.8864746094
3630,7946,401769.3884277344
3631,4740,401716.5051269531
3632,2999,401626.6804199219
3633,9586,401455.7521972656
3634,1354,401262.42236328125
3635,7810,401238.36181640625
3636,6905,401108.7470703125
3637,5581,400802.4287109375
3638,3039,400612.76416015625
3639,8412,400323.96533203125
3640,5736,399700.4384765625
3641,4580,399598.1945800781
3642,7607,399484.5224609375
3643,7305,399469.78173828125
3644,8135,399456.708984375
3645,2931,399446.0927734375
3646,4282,399357.5017089844
3647,8168,399222.88916015625
3648,3925,399165.65478515625
3649,8938,399133.3330078125
3650,4428,399119.92236328125
3651,9392,399059.978515625
3652,9745,399044.93505859375
3653,7876,398684.0861816406
3654,2583,398361.23046875
3655,3583,398302.59130859375
3656,8485,398143.4934082031
3657,9593,398119.69775390625
3658,9493,398055.35302734375
3659,9491,397811.248046875
3660,7921,397615.7951660156
3661,7947,397539.66259765625
3662,7438,397525.7165527344
3663,9667,397334.17724609375
3664,7437,397288.4470214844
3665,7448,396779.82080078125
3666,8444,396559.74755859375
3667,4476,396480.4970703125
3668,5077,396412.9267578125
3669,4677,396215.9772949219
3670,2989,396058.5524902344
3671,7123,395929.43994140625
3672,5527,395644.97216796875
3673,8684,395644.24365234375
3674,9592,395581.294921875
3675,4183,395272.9240722656
3676,5235,394914.009765625
3677,5124,394828.45166015625
3678,9388,394754.3386230469
3679,8483,394675.3654785156
3680,957,394671.84716796875
3681,9287,394419.12841796875
3682,9288,394406.8322753906
3683,8980,394211.81298828125
3684,5740,394151.9968261719
3685,2185,394014.19970703125
3686,8107,393841.38427734375
3687,2184,393740.9013671875
3688,5227,393720.806640625
3689,6217,393513.3425292969
3690,4171,392980.5949707031
3691,5420,392891.4983520508
3692,3095,392781.9577636719
3693,753,392626.00927734375
3694,5325,392582.46240234375
3695,8465,392500.42529296875
3696,2739,392438.62646484375
3697,9391,392419.85009765625
3698,7805,392355.62158203125
3699,7436,392321.7370605469
3700,7337,391493.16650390625
3701,9164,391478.81298828125
3702,8259,391270.150390625
3703,6097,390677.88623046875
3704,8829,390609.0849609375
3705,1171,390521.5900878906
3706,8159,390347.408203125
3707,8694,390194.7890625
3708,8693,390124.5625
3709,8231,389901.55908203125
3710,4639,389869.2178955078
3711,7336,389726.32958984375
3712,9494,389603.94873046875
3713,7705,389507.36962890625
3714,5318,389489.373046875
3715,1547,389460.58544921875
3716,7479,389248.8225097656
3717,3934,389092.2587890625
3718,8263,389091.55078125
3719,8215,389085.943359375
3720,5219,388843.58349609375
3721,8587,388714.5305175781
3722,7920,388607.40625
3723,7323,388475.18017578125
3724,8741,387977.2099609375
3725,8117,387940.27392578125
3726,1157,387916.564453125
3727,8346,387866.79150390625
3728,1984,387824.99267578125
3729,3695,387520.8151855469
3730,3387,387244.7785644531
3731,8331,387155.2119140625
3732,4521,387104.6561279297
3733,8332,387014.5559082031
3734,9260,386983.70166015625
3735,3425,386837.787109375
3736,2830,386767.03125
3737,8347,386672.45330810547
3738,8247,386188.28369140625
3739,3981,386036.30908203125
3740,7411,386025.9306640625
3741,9030,385994.94580078125
3742,6698,385981.9482421875
3743,3216,385831.087890625
3744,8493,385592.6462402344
3745,6697,385552.2939453125
3746,3497,385538.4677734375
3747,8593,385384.6154785156
3748,8643,385109.60595703125
3749,5998,384899.2463378906
3750,7203,384812.86669921875
3751,9490,384651.05078125
3752,1896,384633.8173828125
3753,5100,384363.70458984375
3754,8838,384352.79150390625
3755,8586,384091.7165527344
3756,2387,384038.1513671875
3757,3226,384032.3603515625
3758,9587,383934.4931640625
3759,9178,383922.2512207031
3760,3489,383898.31884765625
3761,9555,383699.5439453125
3762,9022,383322.89013671875
3763,5199,383224.5458984375
3764,1785,383130.80603027344
3765,4640,383068.6809082031
3766,3524,382750.4030761719
3767,1685,382622.85998535156
3768,1249,382565.09619140625
3769,9687,382562.384765625
3770,7606,382330.08154296875
3771,9873,382201.97900390625
3772,8644,382198.51708984375
3773,6180,381867.44091796875
3774,7361,381792.7012939453
3775,9589,381772.455078125
3776,8321,381644.1787109375
3777,9767,381588.4736328125
3778,7412,381570.064453125
3779,6380,381522.0930175781
3780,847,381430.86669921875
3781,8021,381172.0676269531
3782,7905,380983.66259765625
3783,5200,380964.88134765625
3784,1783,380892.7355957031
3785,8046,380814.0107421875
3786,2143,380624.30859375
3787,4471,380512.47869861126
3788,2855,380302.17138671875
3789,2930,380278.9033203125
3790,2389,379936.89208984375
3791,949,379825.623046875
3792,1451,379427.59716796875
3793,8062,379321.78076171875
3794,2288,379312.88623046875
3795,2287,379312.88623046875
3796,2388,379312.88623046875
3797,4921,379188.93359375
3798,4920,379177.34619140625
3799,9971,379095.4265136719
3800,3488,378989.01513671875
3801,5099,378960.5625
3802,3595,378935.10205078125
3803,8348,378928.8933105469
3804,8701,378485.8525390625
3805,8365,378297.64453125
3806,8742,378284.3408203125
3807,3132,378243.2490234375
3808,3031,378069.57275390625
3809,2542,377873.5244140625
3810,4622,377691.267578125
3811,2153,377629.46923828125
3812,1258,377595.28515625
3813,3369,377479.0798339844
3814,2053,377148.50732421875
3815,8634,377141.0234375
3816,9674,376935.3845214844
3817,4178,376883.4619140625
3818,2054,376876.82421875
3819,8615,376730.9158935547
3820,9123,376718.99951171875
3821,1990,376636.220703125
3822,7307,376427.17041015625
3823,2582,376081.3818359375
3824,9642,375917.427734375
3825,6095,375716.8828125
3826,3522,375668.9221191406
3827,4919,375507.6330566406
3828,8248,375259.6240234375
3829,4382,375216.20703125
3830,8198,375216.0390625
3831,9393,375144.33984375
3832,8449,375075.55859375
3833,7511,375040.0275878906
3834,7913,374937.990234375
3835,8393,374668.4587402344
3836,7916,374584.77490234375
3837,8850,374502.63525390625
3838,9163,374456.9287109375
3839,3584,374453.3762207031
3840,3152,374377.05224609375
3841,8594,374280.7138671875
3842,2050,374254.26806640625
3843,3560,374103.6569824219
3844,4577,374049.0876464844
3845,9686,373990.2443847656
3846,3984,373660.1298828125
3847,8445,373377.4638671875
3848,3298,373335.7819824219
3849,5234,373200.76513671875
3850,8545,372740.400390625
3851,4839,372722.45751953125
3852,7459,372531.52868652344
3853,1450,372436.7802734375
3854,2890,372389.4777832031
3855,2955,372183.9621582031
3856,2530,372096.32080078125
3857,7558,371954.8840332031
3858,6485,371775.0998535156
3859,3054,371728.41650390625
3860,3240,371611.2978515625
3861,8948,371259.9990234375
3862,8349,371008.5520019531
3863,8522,370938.02783203125
3864,5499,370729.7673339844
3865,5399,370729.7673339844
3866,5398,370729.3356933594
3867,5500,370675.728515625
3868,1944,370645.97021484375
3869,9489,370525.5881347656
3870,2152,370485.1611328125
3871,2790,370274.0861816406
3872,8711,369848.00830078125
3873,9148,369680.1552734375
3874,5640,369679.517578125
3875,9997,369655.08837890625
3876,8350,369516.3154296875
3877,2816,369378.52880859375
3878,7423,369212.09326171875
3879,9647,369180.7297363281
3880,8601,369040.84423828125
3881,8446,368900.66162109375
3882,8061,368898.1599121094
3883,6082,368822.794921875
3884,9744,368778.7119140625
3885,1449,368764.4208984375
3886,8394,368340.4152832031
3887,7261,368283.6231689453
3888,9033,368166.27001953125
3889,2996,368130.44287109375
3890,8364,368059.8840332031
3891,8131,367624.5673828125
3892,7682,367517.330078125
3893,6584,367345.1408691406
3894,6587,367285.6456298828
3895,9374,367182.8278808594
3896,2052,367161.5830078125
3897,7458,367151.0095214844
3898,9600,366783.2919921875
3899,6887,366774.2858886719
3900,5220,366765.1359863281
3901,4271,366732.5798339844
3902,9499,366528.0263671875
3903,3494,366378.16748046875
3904,3053,366117.2189941406
3905,8295,365982.7041015625
3906,9844,365867.40966796875
3907,2952,365833.2141113281
3908,7378,365829.92333984375
3909,2854,365800.58837890625
3910,2954,365800.58837890625
3911,2953,365800.58837890625
3912,3388,365766.392578125
3913,3389,365766.392578125
3914,5400,365653.7880859375
3915,1895,365648.2880859375
3916,4139,365577.6103515625
3917,7457,365283.650390625
3918,3052,364988.3779296875
3919,9353,364907.03955078125
3920,4126,364876.26904296875
3921,3289,364874.3039550781
3922,2853,364815.04638671875
3923,3189,364780.9733886719
3924,3288,364776.7658691406
3925,3743,364734.88623046875
3926,3088,364672.9094238281
3927,3487,364542.7521972656
3928,3188,364481.18701171875
3929,7919,364464.0329589844
3930,8494,364325.1804199219
3931,7007,364316.86767578125
3932,4570,364233.403078109
3933,2344,364228.36572265625
3934,3089,364192.32080078125
3935,7287,364156.943359375
3936,2341,364130.4208984375
3937,7649,364061.20947265625
3938,3187,363990.6003417969
3939,3682,363768.4287109375
3940,3287,363758.4978027344
3941,7613,363350.6669921875
3942,7513,363350.6669921875
3943,7612,363284.68505859375
3944,7512,363284.6848144531
3945,9065,363258.2841796875
3946,9998,363121.958984375
3947,7276,362988.5769042969
3948,7734,362811.3718261719
3949,9139,362743.41064453125
3950,1585,362689.1348876953
3951,2091,362548.107421875
3952,3087,362502.1748046875
3953,9078,362182.74365234375
3954,3983,361703.41357421875
3955,7184,361560.7125854492
3956,7748,361444.970703125
3957,8149,360980.22509765625
3958,6886,360911.291015625
3959,3116,360648.974609375
3960,7664,360632.0301513672
3961,2852,360503.7365722656
3962,9872,360162.505859375
3963,7923,360044.0142211914
3964,9881,359907.46240234375
3965,1548,359788.68359375
3966,7294,359491.3037109375
3967,1788,359423.58447265625
3968,1657,359393.1220703125
3969,7278,359365.0869140625
3970,2483,359169.60009765625
3971,7230,359086.8518066406
3972,6417,359073.06396484375
3973,8250,359058.5700683594
3974,7211,358882.431640625
3975,4528,358866.6767578125
3976,4984,358797.16845703125
3977,3448,358770.4150390625
3978,3446,358729.8583984375
3979,3348,358727.0126953125
3980,3447,358727.0126953125
3981,3347,358727.0126953125
3982,8395,358582.80126953125
3983,5337,358378.9411621094
3984,4472,358364.17442309856
3985,8743,358323.51220703125
3986,8320,358279.5537109375
3987,2150,358004.15380859375
3988,4084,357901.15673828125
3989,1891,357643.10546875
3990,1689,357603.787109375
3991,1890,357603.787109375
3992,1790,357603.787109375
3993,1889,357603.787109375
3994,1789,357603.787109375
3995,1741,357504.99658203125
3996,4136,357320.1514892578
3997,970,356998.51318359375
3998,4820,356879.12353515625
3999,4530,356551.9099121094
4000,1843,356394.7497558594
4001,9031,356381.4794921875
4002,2442,356377.1181640625
4003,2243,356377.1181640625
4004,2142,356377.1181640625
4005,2342,356377.1181640625
4006,2343,356377.1181640625
4007,2242,356377.1181640625
4008,2443,356376.732421875
4009,8104,356375.912109375
4010,5231,356321.3552246094
4011,5299,356313.35546875
4012,3924,356250.4404296875
4013,857,356213.4870605469
4014,1791,356082.14697265625
4015,5598,356032.7658691406
4016,765,355982.9990234375
4017,9641,355813.98681640625
4018,9742,355810.4931640625
4019,9842,355810.4931640625
4020,9554,355723.87744140625
4021,7994,355318.12744140625
4022,4175,355286.3615722656
4023,8123,355282.9782714844
4024,1690,355175.046875
4025,6993,355046.408203125
4026,5217,354949.72216796875
4027,5317,354946.99755859375
4028,8020,354846.1657714844
4029,9223,354724.7194824219
4030,9743,354722.650390625
4031,870,354696.40283203125
4032,869,354696.40283203125
4033,9500,354601.07470703125
4034,1951,354525.8388671875
4035,969,354395.1130371094
4036,2051,354375.39892578125
4037,8732,354286.8916015625
4038,8595,354119.0283203125
4039,9988,354029.7971191406
4040,9041,353816.12841796875
4041,9992,353381.94873046875
4042,9162,353327.60791015625
4043,9740,353192.52734375
4044,9324,353144.70751953125
4045,9124,353050.583984375
4046,8218,352916.0397949219
4047,3518,352842.23486328125
4048,7658,352785.70361328125
4049,7030,352652.9768066406
4050,5542,352300.96142578125
4051,7580,352241.87255859375
4052,8016,352235.6237792969
4053,4184,352198.1042480469
4054,9039,352045.53662109375
4055,1888,352041.525390625
4056,1148,351985.59912109375
4057,9974,351976.8874511719
4058,9843,351835.32958984375
4059,9225,351786.1379394531
4060,9323,351786.1379394531
4061,9224,351786.1379394531
4062,5038,351779.04162597656
4063,848,351665.66650390625
4064,7849,351605.2810058594
4065,8564,351414.28076171875
4066,2951,351344.736328125
4067,4571,351335.09124171734
4068,3339,351332.177734375
4069,3338,351332.177734375
4070,8004,351185.90283203125
4071,3439,351179.3837890625
4072,4041,350930.2565917969
4073,7464,350696.68420410156
4074,9741,350529.7490234375
4075,5423,350354.3107910156
4076,8616,350135.0849609375
4077,7286,350076.12829589844
4078,5316,350058.66357421875
4079,1149,350052.69677734375
4080,1049,350052.69677734375
4081,1048,349997.15087890625
4082,9921,349988.43408203125
4083,7694,349834.97265625
4084,6484,349792.20861816406
4085,5298,349707.7761230469
4086,3194,349442.6936035156
4087,8330,349370.669921875
4088,3440,349347.08056640625
4089,1159,349315.4599609375
4090,5697,349264.2177734375
4091,7462,349224.65295410156
4092,8249,349161.806640625
4093,8019,349153.77587890625
4094,8006,348921.41748046875
4095,4421,348860.10986328125
4096,5315,348823.470703125
4097,9325,348626.140625
4098,7575,348566.4465332031
4099,8503,348554.2099609375
4100,3978,348500.70703125
4101,5300,348277.8837890625
4102,7522,348274.26025390625
4103,4174,348273.4372558594
4104,4922,348196.8310546875
4105,7478,348146.3737792969
4106,4083,348022.1696777344
4107,4324,348020.05322265625
4108,1446,347979.1457519531
4109,5218,347961.6552734375
4110,9919,347948.947265625
4111,1546,347920.43017578125
4112,9798,347516.45654296875
4113,6996,347371.38330078125
4114,7363,347217.7081298828
4115,9125,347172.904296875
4116,3340,347006.08642578125
4117,7103,346863.31103515625
4118,9867,346562.59765625
4119,6299,346491.86767578125
4120,9136,346325.2119140625
4121,2536,346075.1252441406
4122,6483,346036.46740722656
4123,4080,345920.2890625
4124,8431,345873.4665527344
4125,8196,345768.3125
4126,8322,345563.65966796875
4127,8221,345563.65966796875
4128,8222,345563.65966796875
4129,8122,345563.65966796875
4130,8121,345563.65966796875
4131,8223,345563.65966796875
4132,8323,345563.65966796875
4133,8842,345424.576171875
4134,1445,345415.4001464844
4135,8336,345180.82275390625
4136,4037,345077.1466064453
4137,5425,345064.4443359375
4138,4233,345043.03662109375
4139,7427,344997.69677734375
4140,1683,344792.3054199219
4141,1988,344782.505859375
4142,8942,344780.57275390625
4143,8841,344780.57275390625
4144,8941,344780.5725708008
4145,7262,344731.26330566406
4146,3985,344514.80712890625
4147,4085,344296.22216796875
4148,1353,344275.4216308594
4149,9967,344212.9462890625
4150,7683,344091.9357910156
4151,3390,343950.99951171875
4152,5020,343886.19140625
4153,8939,343735.25390625
4154,8482,343665.052734375
4155,4420,343586.2751464844
4156,1688,343559.5791015625
4157,1649,343480.5656738281
4158,1749,343480.5656738281
4159,6806,343404.78759765625
4160,1545,343395.6826171875
4161,6992,343278.3828125
4162,8645,343265.77783203125
4163,8940,343222.46240234375
4164,2799,343222.271484375
4165,8005,343154.78125
4166,5324,342813.92138671875
4167,8423,342742.19580078125
4168,8065,342719.5231933594
4169,7749,342708.0849609375
4170,1991,342528.85791015625
4171,1257,342421.74658203125
4172,8164,342377.9177246094
4173,5216,342263.35400390625
4174,2543,342224.01416015625
4175,3299,342185.83935546875
4176,2900,342176.39013671875
4177,3882,342114.19091796875
4178,9454,342014.3515625
4179,5900,341977.5559082031
4180,3398,341961.3176269531
4181,9354,341848.6032714844
4182,9042,341683.56787109375
4183,5794,341446.705078125
4184,4078,341148.49365234375
4185,7362,341121.74450683594
4186,948,341008.7568359375
4187,5424,340608.921875
4188,9061,340565.21875
4189,2791,340545.7927246094
4190,9161,340520.908203125
4191,5417,340468.2080078125
4192,7858,339941.35546875
4193,3300,339898.8681640625
4194,3290,339875.4072265625
4195,7715,339771.5266113281
4196,3795,339721.9958496094
4197,2990,339637.1484375
4198,1154,339619.5036621094
4199,4179,339611.42578125
4200,7289,339545.2722167969
4201,7288,339545.2722167969
4202,5498,339416.4296875
4203,4238,339372.84716796875
4204,8166,339332.68115234375
4205,9421,339138.552734375
4206,2151,339072.68603515625
4207,7090,339029.9313964844
4208,3980,339018.43701171875
4209,4079,338968.51611328125
4210,3979,338968.51611328125
4211,8130,338878.1105957031
4212,5524,338762.6086425781
4213,3546,338708.107421875
4214,3986,338695.3076171875
4215,6881,338347.81884765625
4216,1549,338235.90869140625
4217,7290,338080.3024902344
4218,3589,338078.7131347656
4219,9318,338012.48681640625
4220,8609,337802.90087890625
4221,6583,337754.69384765625
4222,6928,337455.78515625
4223,7781,337301.5339355469
4224,1787,337284.17724609375
4225,2141,337246.73876953125
4226,4983,337231.7312011719
4227,9238,337220.45458984375
4228,2241,337068.56640625
4229,1448,336754.89892578125
4230,7190,336711.6784667969
4231,4270,336710.47399902344
4232,3744,336463.78369140625
4233,5321,336407.3497314453
4234,9329,336370.06787109375
4235,8432,336317.4543457031
4236,5781,336262.3420410156
4237,5326,336019.814453125
4238,7311,335893.2001953125
4239,3349,335830.51123046875
4240,4173,335510.0500488281
4241,2657,335506.3161621094
4242,7794,335465.12744140625
4243,6343,335459.2800292969
4244,1792,335306.30419921875
4245,2798,335120.7958984375
4246,4838,335042.5498352051
4247,6480,334707.9814453125
4248,9040,334705.49365234375
4249,9996,334591.97119140625
4250,7611,334588.5158691406
4251,3200,334587.7001953125
4252,4931,334503.9895019531
4253,1583,334226.70556640625
4254,7579,334152.9836425781
4255,7894,334096.47802734375
4256,8495,334037.630859375
4257,1692,333888.77978515625
4258,3646,333846.25830078125
4259,3644,333846.25830078125
4260,3745,333846.25830078125
4261,3645,333846.25830078125
4262,8116,333840.97802734375
4263,2634,333823.85498046875
4264,1591,333725.08203125
4265,1691,333578.66650390625
4266,1693,333576.9443359375
4267,1593,333537.12890625
4268,7194,333535.55615234375
4269,1156,333429.5283203125
4270,1592,333412.6640625
4271,9963,333380.59912109375
4272,9383,333287.67529296875
4273,4680,333201.40673828125
4274,1793,332974.62841796875
4275,2056,332886.98974609375
4276,5327,332878.64990234375
4277,5323,332837.9140625
4278,1255,332836.8994140625
4279,2918,332712.6125488281
4280,8204,332671.9482421875
4281,1550,332548.763671875
4282,5982,332480.2204589844
4283,1067,332471.1416015625
4284,6419,332442.6730957031
4285,3796,332429.2998046875
4286,9648,332232.8708496094
4287,6744,332200.20361328125
4288,9062,332005.7958984375
4289,8197,331956.0935058594
4290,8733,331715.4680175781
4291,1556,331692.6306152344
4292,9384,331684.9265136719
4293,2154,331630.978515625
4294,1155,331417.55615234375
4295,7521,331410.21795654297
4296,9284,331280.6027832031
4297,9283,331280.6027832031
4298,7480,331274.5803222656
4299,9640,331185.70166015625
4300,8849,330960.2414550781
4301,7584,330766.40234375
4302,8105,330696.87255859375
4303,7578,330693.0446777344
4304,9943,330637.162109375
4305,7730,330565.3095703125
4306,7830,330556.02734375
4307,8535,330548.427734375
4308,9643,330254.365234375
4309,1270,330198.2431640625
4310,2797,330156.2568359375
4311,6486,330080.6796875
4312,9032,329813.69775390625
4313,6635,329773.8603515625
4314,9645,329702.53271484375
4315,2895,329354.3234863281
4316,6684,329296.41149902344
4317,4040,329260.5617675781
4318,2691,328970.62646484375
4319,3643,328895.0549316406
4320,1589,328773.00732421875
4321,3100,328761.3857421875
4322,5129,328738.91064453125
4323,3324,328695.474609375
4324,8726,328678.37353515625
4325,8826,328672.8388671875
4326,8015,328651.3132324219
4327,8099,328650.03466796875
4328,8926,328632.8981933594
4329,8363,328615.91552734375
4330,7731,328447.2421875
4331,8868,328426.4851074219
4332,4823,328412.07421875
4333,8408,328136.34130859375
4334,8407,328136.34130859375
4335,8206,328136.34130859375
4336,8507,328136.34130859375
4337,8606,328136.34130859375
4338,8307,328136.34130859375
4339,8306,328136.34130859375
4340,8506,328136.34130859375
4341,8508,328136.34130859375
4342,8205,328133.90185546875
4343,8404,328131.65087890625
4344,8304,328113.57958984375
4345,8405,328112.60498046875
4346,8406,328097.7607421875
4347,8403,327882.49462890625
4348,8115,327826.70263671875
4349,9026,327789.3166503906
4350,1596,327396.69921875
4351,1497,327396.69921875
4352,1496,327396.69921875
4353,7189,327355.35546875
4354,1651,327278.7009277344
4355,7089,327182.7512207031
4356,9117,327127.61328125
4357,8969,327111.48291015625
4358,1597,327021.8740234375
4359,8124,326973.3669433594
4360,4623,326970.35693359375
4361,2292,326792.67236328125
4362,6580,326705.2370605469
4363,7899,326422.16357421875
4364,7710,326302.8564453125
4365,7660,326183.5773925781
4366,7247,326135.7958984375
4367,2995,326041.6494140625
4368,9184,326007.81298828125
4369,2716,325932.9982910156
4370,2383,325859.2941894531
4371,8505,325834.37841796875
4372,7898,325647.6923828125
4373,9001,325540.236328125
4374,5223,325534.7696533203
4375,3545,325509.87109375
4376,9646,325501.71923828125
4377,4424,325438.8801269531
4378,9649,325369.2766113281
4379,5426,325365.134765625
4380,7195,325342.2590332031
4381,9644,325322.15771484375
4382,1495,325245.501953125
4383,3051,325112.046875
4384,8827,325083.1970214844
4385,6193,324874.5393066406
4386,9226,324851.6975097656
4387,9229,324842.56005859375
4388,8199,324804.646484375
4389,2652,324751.0078125
4390,9543,324707.62841796875
4391,7817,324676.1535644531
4392,3190,324662.3488769531
4393,770,324488.7141113281
4394,1256,324452.259765625
4395,7900,324426.72314453125
4396,958,324348.4091796875
4397,3094,324128.390625
4398,8816,323976.97119140625
4399,2991,323962.7155761719
4400,8207,323947.1796875
4401,7621,323804.21368408203
4402,8308,323776.330078125
4403,3327,323769.5866699219
4404,7958,323726.48974609375
4405,4219,323632.4326171875
4406,3090,323502.24951171875
4407,5739,323369.86267089844
4408,8607,323352.25
4409,7387,323246.1551513672
4410,3585,323195.64892578125
4411,2436,323118.87939453125
4412,1440,323026.056640625
4413,3293,322960.5871582031
4414,8000,322948.53662109375
4415,5797,322785.3369140625
4416,6386,322764.57067871094
4417,6385,322764.57067871094
4418,5422,322741.22595214844
4419,7091,322690.2272949219
4420,7283,322633.6971435547
4421,9763,322547.53173828125
4422,3977,322444.279296875
4423,2793,322421.978515625
4424,3192,322421.978515625
4425,3093,322421.978515625
4426,3091,322421.978515625
4427,3191,322421.978515625
4428,3092,322421.978515625
4429,3292,322421.978515625
4430,3291,322421.978515625
4431,2994,322421.978515625
4432,3193,322421.978515625
4433,2894,322421.978515625
4434,2794,322415.556640625
4435,2993,322395.4030761719
4436,2893,322356.7458496094
4437,3251,322319.31201171875
4438,3000,322306.4013671875
4439,2764,322272.2175292969
4440,2767,322272.2175292969
4441,6487,322192.12561035156
4442,8961,322191.4504394531
4443,7999,322168.5322265625
4444,2664,322159.14794921875
4445,9345,322146.1845703125
4446,8421,322123.0817871094
4447,2392,322098.3798828125
4448,2866,321975.0954589844
4449,2765,321833.6047363281
4450,4525,321727.8742675781
4451,3923,321701.13427734375
4452,3884,321686.212890625
4453,2768,321679.9343261719
4454,8098,321624.70654296875
4455,7848,321578.7880859375
4456,2665,321481.60888671875
4457,6826,321406.9445800781
4458,1850,321406.4462890625
4459,6387,321392.5662841797
4460,2792,321391.7189941406
4461,9966,321304.24462890625
4462,7563,321260.7668457031
4463,2867,321106.58203125
4464,3937,321072.62561035156
4465,7586,321015.7038574219
4466,7998,320928.39208984375
4467,4284,320909.3049316406
4468,749,320809.42138671875
4469,7463,320561.7276611328
4470,6884,320509.48010253906
4471,9973,320441.7880859375
4472,1498,320388.8359375
4473,2766,320367.0007324219
4474,6285,320354.43029785156
4475,2929,320298.9814453125
4476,7608,320137.2790527344
4477,2663,320121.25048828125
4478,7564,320045.1008300781
4479,2666,319836.138671875
4480,2928,319771.4758300781
4481,8523,319630.4865722656
4482,8305,319417.0595703125
4483,4737,319408.568359375
4484,7583,319333.4080810547
4485,2746,319158.4240722656
4486,7329,319135.70263671875
4487,9130,319125.220703125
4488,6827,319099.4920654297
4489,7094,318950.8974609375
4490,2667,318925.9814453125
4491,4522,318896.9230957031
4492,9972,318880.7780761719
4493,8725,318766.8466796875
4494,5282,318611.615234375
4495,7191,318534.65185546875
4496,8962,318531.5703125
4497,7374,318504.70654296875
4498,4637,318501.1875
4499,7202,318473.0715332031
4500,3030,318458.185546875
4501,7092,318402.94873046875
4502,7292,318402.94873046875
4503,7192,318402.94873046875
4504,7291,318402.94873046875
4505,6784,318318.76989746094
4506,8822,318244.70849609375
4507,1594,317681.33203125
4508,7456,317360.24465179443
4509,1595,317340.19287109375
4510,5416,317333.4072265625
4511,7686,317316.94091796875
4512,8422,317249.3270263672
4513,7293,317190.2658691406
4514,7518,317158.2873535156
4515,947,317030.66552734375
4516,7829,316855.36572265625
4517,7995,316830.0166015625
4518,3346,316765.1689453125
4519,2868,316759.556640625
4520,1069,316737.47802734375
4521,3794,316549.5673828125
4522,7800,316427.9287109375
4523,5421,316352.23516845703
4524,6284,316260.208984375
4525,9866,316121.67431640625
4526,8120,316098.2150878906
4527,8504,315877.53466796875
4528,9025,315743.37451171875
4529,9545,315674.9482421875
4530,9544,315593.15869140625
4531,7319,315579.4592285156
4532,9063,315343.4892578125
4533,9663,315128.51611328125
4534,4320,315086.74072265625
4535,7582,315041.7236328125
4536,7483,314931.74670410156
4537,7484,314907.8161621094
4538,6384,314781.1784667969
4539,5021,314670.8801269531
4540,1590,314605.3662109375
4541,8267,314562.46728515625
4542,4624,314503.8642578125
4543,2636,314488.4885253906
4544,8817,314479.9885253906
4545,4626,314435.47509765625
4546,4524,314410.3205566406
4547,4523,314309.8771972656
4548,3885,314185.4255371094
4549,8448,314049.03125
4550,3393,313744.32666015625
4551,7193,313590.56787109375
4552,4430,313499.166015625
4553,2055,313499.1169433594
4554,4771,313108.21028092504
4555,4724,313088.82470703125
4556,8299,313051.84228515625
4557,7485,313008.5089111328
4558,8929,312985.3596191406
4559,1046,312851.54150390625
4560,8165,312832.8044433594
4561,7197,312734.2272949219
4562,7196,312734.2272949219
4563,7098,312734.2272949219
4564,7095,312734.2272949219
4565,7097,312734.2272949219
4566,7198,312734.2272949219
4567,7096,312734.2272949219
4568,8963,312609.3837890625
4569,7383,312522.4581298828
4570,7585,312447.9670410156
4571,8224,312312.408203125
4572,2763,312140.5927734375
4573,8396,311973.2404785156
4574,7535,311946.3098144531
4575,7617,311943.74169921875
4576,9227,311904.0227050781
4577,5415,311856.6271972656
4578,8097,311755.1608886719
4579,2829,311635.65771484375
4580,2800,311602.2307128906
4581,5518,311500.30822753906
4582,5132,311315.5095214844
4583,5133,311315.5095214844
4584,5033,311315.5095214844
4585,8696,311254.0456542969
4586,4077,310981.0422363281
4587,7377,310875.38330078125
4588,9126,310806.552734375
4589,6292,310790.2824707031
4590,8003,310618.5505371094
4591,3935,310544.2023925781
4592,2566,310504.5966796875
4593,4925,310438.4304199219
4594,1352,310376.39306640625
4595,7684,310219.7019042969
4596,4436,310023.3173828125
4597,8925,309847.6506347656
4598,2444,309827.9265136719
4599,3530,309795.5085449219
4600,9444,309654.3505859375
4601,2253,309649.84765625
4602,9965,309547.10791015625
4603,8106,309513.5939941406
4604,5032,309149.8259277344
4605,8368,309093.7824707031
4606,2828,309068.0490722656
4607,9964,308991.716796875
4608,8825,308841.86669921875
4609,1075,308764.6984863281
4610,4137,308557.904296875
4611,4336,308556.0216064453
4612,6997,308445.267578125
4613,4337,308403.2336425781
4614,5522,308345.2744140625
4615,8467,308001.8293457031
4616,8367,307972.6057128906
4617,8466,307972.6057128906
4618,8366,307972.6057128906
4619,5232,307850.65283203125
4620,7093,307758.5654296875
4621,7895,307705.2607421875
4622,5995,307677.48193359375
4623,7896,307654.79248046875
4624,8768,307602.46826171875
4625,7795,307473.337890625
4626,2482,307461.376953125
4627,5034,307331.4033203125
4628,5233,307069.9020996094
4629,2920,306908.91015625
4630,4625,306681.4572753906
4631,5134,306558.2763671875
4632,8631,306448.78955078125
4633,3640,306415.4768066406
4634,1455,305997.9951171875
4635,9135,305969.3635253906
4636,2454,305924.8835449219
4637,2354,305924.8835449219
4638,2355,305924.8835449219
4639,2255,305924.8835449219
4640,2254,305869.1516113281
4641,2155,305799.9318847656
4642,2156,305753.8859863281
4643,447,305751.3415527344
4644,7277,305627.5478515625
4645,8148,305408.79248046875
4646,6286,305268.6955566406
4647,4237,305182.5400390625
4648,3531,305177.4758300781
4649,7486,305104.73107910156
4650,9546,304971.3791503906
4651,4527,304950.4072265625
4652,9445,304600.869140625
4653,8296,304549.8405761719
4654,6991,304457.517578125
4655,4176,304435.44677734375
4656,4423,304021.46923828125
4657,8266,303910.7556152344
4658,5328,303788.3933105469
4659,2581,303720.6315917969
4660,7249,303541.734375
4661,1893,303427.62353515625
4662,9328,303140.875
4663,7099,302883.6970214844
4664,9017,302848.2375488281
4665,7678,302691.8708496094
4666,647,302674.91015625
4667,8713,302662.8896484375
4668,5123,302653.3038330078
4669,3686,302566.52575683594
4670,2729,302565.25
4671,1444,302423.8513183594
4672,7729,302403.8083496094
4673,4231,302205.7844238281
4674,5521,302205.5923461914
4675,4837,302011.4909667969
4676,2717,301991.5
4677,5198,301838.70166015625
4678,7236,301822.62939453125
4679,2353,301786.5480957031
4680,4076,301768.9306640625
4681,4138,301550.68029785156
4682,7577,301533.6994628906
4683,7681,301455.62060546875
4684,946,301303.76708984375
4685,2851,301227.3513183594
4686,9797,301199.5173339844
4687,7405,300967.4533691406
4688,7199,300966.4060058594
4689,8605,300942.84228515625
4690,4933,300858.4558105469
4691,250,300835.5007324219
4692,5540,300439.4016571045
4693,9820,300273.0607910156
4694,2865,300202.10791015625
4695,9897,300192.6123046875
4696,9898,300192.6123046875
4697,9237,300048.13720703125
4698,5642,299971.6032714844
4699,349,299920.9376220703
4700,8867,299765.3515625
4701,4824,299749.6618652344
4702,6185,299686.1707763672
4703,8784,299406.1513671875
4704,5139,299381.47204589844
4705,4283,299318.3234863281
4706,9896,299285.46044921875
4707,9239,299212.4265136719
4708,8333,299185.61669921875
4709,1499,298991.82177734375
4710,9236,298989.2194824219
4711,9337,298889.2629394531
4712,7712,298852.4172363281
4713,8096,298832.17138671875
4714,9336,298759.1999511719
4715,9338,298657.6877441406
4716,1500,298562.6394042969
4717,2752,298443.8037109375
4718,4272,298234.5632324219
4719,8147,298140.1208496094
4720,864,297996.1765136719
4721,756,297839.2263183594
4722,1169,297793.4020996094
4723,5898,297703.2578125
4724,249,297631.7822265625
4725,9865,297579.72021484375
4726,9023,297568.6447753906
4727,7679,297568.361328125
4728,6939,297502.5302734375
4729,1063,297467.5319824219
4730,7704,297223.86474609375
4731,748,297048.53857421875
4732,7380,296973.4445800781
4733,8324,296948.919921875
4734,8922,296896.9084472656
4735,1892,296805.6904296875
4736,350,296787.6364746094
4737,9424,296710.6455078125
4738,8727,296648.34130859375
4739,1851,296542.3854980469
4740,747,296524.38671875
4741,9235,296497.7575683594
4742,1265,296438.7116699219
4743,8823,296414.1789550781
4744,8706,296413.33837890625
4745,858,296280.82958984375
4746,8923,296156.3220214844
4747,8924,296156.3220214844
4748,9024,296156.3220214844
4749,4432,295898.5634765625
4750,7386,295879.9183959961
4751,5177,295875.1134033203
4752,4026,295745.8273925781
4753,4024,295745.8273925781
4754,4025,295745.8273925781
4755,4125,295745.8273925781
4756,4836,295677.6583251953
4757,8623,295565.80029296875
4758,9101,295526.08837890625
4759,5023,295495.0427246094
4760,7897,295404.74755859375
4761,1400,295355.29345703125
4762,4372,295300.45764160156
4763,4923,295190.4353027344
4764,2917,295142.1857910156
4765,6287,295106.0168457031
4766,7844,295097.73974609375
4767,8604,295014.5705566406
4768,8815,294861.5910644531
4769,7700,294859.7580566406
4770,4520,294737.0068359375
4771,1166,294684.7336425781
4772,2447,294584.97595214844
4773,8797,294299.83349609375
4774,8917,294257.2277832031
4775,8915,294257.2277832031
4776,8916,294257.2277832031
4777,2642,294185.09619140625
4778,8297,294161.9697265625
4779,4124,294139.9304199219
4780,7477,294094.3623046875
4781,9016,294068.20751953125
4782,8436,294047.3037109375
4783,7685,294043.8767089844
4784,9438,293942.724609375
4785,2817,293838.87646484375
4786,3786,293791.8662109375
4787,4924,293640.02978515625
4788,5024,293640.02978515625
4789,8220,293631.89111328125
4790,3029,293526.8850097656
4791,6186,293489.4279785156
4792,9942,293404.02099609375
4793,6706,293309.0002441406
4794,9339,293147.4348144531
4795,8496,293063.0935058594
4796,9217,292977.5842285156
4797,4319,292942.02490234375
4798,9428,292852.9831542969
4799,5523,292830.2521972656
4800,6187,292748.2899169922
4801,8319,292734.70654296875
4802,9549,292690.458984375
4803,9566,292686.8837890625
4804,9448,292665.6130371094
4805,9449,292569.99853515625
4806,7799,292522.6774902344
4807,6984,292412.2017211914
4808,7581,292401.89013671875
4809,8824,292322.2507324219
4810,9548,292304.0
4811,1365,292255.6662597656
4812,3622,292087.3896484375
4813,548,291971.9724121094
4814,1841,291903.5842285156
4815,7634,291818.7561035156
4816,5427,291640.7287597656
4817,8229,291472.9796142578
4818,8783,291407.5202636719
4819,9447,291279.173828125
4820,5333,291154.3112792969
4821,9348,291074.10595703125
4822,9349,291074.0205078125
4823,449,290951.7137451172
4824,8236,290842.841796875
4825,9327,290760.0734863281
4826,9340,290669.9328613281
4827,7818,290646.19189453125
4828,1269,290522.84521484375
4829,1267,290522.84521484375
4830,1268,290522.84521484375
4831,1167,290522.84521484375
4832,1168,290522.84521484375
4833,1369,290522.84521484375
4834,1367,290522.84521484375
4835,1368,290522.84521484375
4836,1469,290470.2145996094
4837,1470,290470.2145996094
4838,1468,290470.2145996094
4839,1467,290470.2145996094
4840,1466,290469.5363769531
4841,5681,290451.6408691406
4842,5782,290451.6408691406
4843,7087,290428.90881347656
4844,5996,290404.6857910156
4845,1068,290404.0368652344
4846,8715,290265.240234375
4847,4572,290235.045881778
4848,6683,290227.6488647461
4849,8447,290220.12890625
4850,846,290209.2419433594
4851,6707,290139.2839355469
4852,8626,290129.841796875
4853,2916,289859.3493652344
4854,7576,289735.8547363281
4855,7282,289641.5944824219
4856,3886,289550.4904785156
4857,9794,289414.84619140625
4858,8625,289379.7490234375
4859,9247,289316.6784667969
4860,3016,289268.1291503906
4861,3430,289259.7197265625
4862,7997,289249.50048828125
4863,2448,289166.20568847656
4864,547,289095.00720214844
4865,8878,288930.67333984375
4866,1266,288805.6015625
4867,7482,288764.35412597656
4868,648,288730.41796875
4869,7903,288681.15869140625
4870,348,288666.20458984375
4871,6639,288610.482421875
4872,5122,288567.0428466797
4873,6638,288540.12060546875
4874,3785,288381.455078125
4875,8716,288374.2204589844
4876,8717,288277.6005859375
4877,6738,287864.7575683594
4878,2481,287774.74755859375
4879,8200,287697.623046875
4880,4934,287694.3449707031
4881,6987,287615.4041748047
4882,8549,287535.95751953125
4883,2565,287532.2802734375
4884,3694,287461.2565917969
4885,5682,287390.5887451172
4886,8546,287301.59423828125
4887,1983,287228.2502441406
4888,5022,287221.9306640625
4889,2084,287009.041015625
4890,7310,286950.7177734375
4891,8866,286911.8942871094
4892,3588,286886.4694824219
4893,4371,286622.802734375
4894,5329,286548.17822265625
4895,4671,286480.54498910904
4896,4736,286476.89013671875
4897,9578,286424.3448486328
4898,1786,286371.3583984375
4899,8100,286361.0388183594
4900,9766,286339.25830078125
4901,6181,286199.1193847656
4902,5783,286197.6016845703
4903,9437,286126.8674316406
4904,5221,285990.31591796875
4905,8927,285952.05810546875
4906,8484,285877.9909667969
4907,9230,285815.34619140625
4908,9720,285796.0524902344
4909,7182,285674.7124633789
4910,1465,285553.4501953125
4911,5582,285433.2119140625
4912,5683,285427.0654296875
4913,3642,285375.5471191406
4914,5793,285217.3332519531
4915,3689,285217.20068359375
4916,7945,285118.6423339844
4917,6481,285084.6774902344
4918,6381,284964.490234375
4919,9006,284957.1950683594
4920,7845,284951.58544921875
4921,2187,284951.29931640625
4922,2869,284946.35888671875
4923,7605,284631.84765625
4924,8965,284552.8317871094
4925,758,284375.3459472656
4926,3151,284346.677734375
4927,3264,284243.35693359375
4928,9246,284225.8635253906
4929,7304,284000.6320800781
4930,5428,283990.6081542969
4931,8901,283863.09130859375
4932,3420,283840.1984863281
4933,7944,283806.70263671875
4934,4335,283692.86682128906
4935,5997,283674.40283203125
4936,4636,283492.75939941406
4937,8534,283465.7392578125
4938,8300,283449.5446777344
4939,7347,283391.6276855469
4940,1370,283384.59521484375
4941,3023,283301.55126953125
4942,5897,283278.115234375
4943,5895,283278.115234375
4944,5795,283278.115234375
4945,5796,283278.115234375
4946,5896,283278.115234375
4947,4338,282977.9219970703
4948,8265,282953.6340332031
4949,2453,282854.6696777344
4950,8723,282642.31286621094
4951,2081,282527.4705810547
4952,5019,282475.3076171875
4953,8984,282213.0754394531
4954,4536,282153.59729003906
4955,8608,282098.6892089844
4956,8264,282062.1516113281
4957,5082,282017.4930419922
4958,8424,281973.267578125
4959,9480,281516.95947265625
4960,8298,281456.6926269531
4961,9084,281408.1262207031
4962,2083,281361.8024902344
4963,7901,281360.4831542969
4964,7811,281269.78955078125
4965,9129,281267.5546875
4966,9893,281132.14501953125
4967,2256,281070.7326660156
4968,6998,281059.3684082031
4969,7503,280875.9345703125
4970,7504,280875.9345703125
4971,5322,280794.0040283203
4972,1366,280744.9729003906
4973,9864,280673.103515625
4974,4888,280669.5114746094
4975,3540,280529.7126464844
4976,6184,279827.6905517578
4977,9248,279732.4206542969
4978,4938,279691.27282714844
4979,4982,279576.2216796875
4980,7948,279526.9365234375
4981,7404,279436.1611328125
4982,7699,279413.0048828125
4983,8017,279395.4270019531
4984,7859,279272.3446044922
4985,9015,279263.9328613281
4986,9440,279111.44287109375
4987,1758,279074.29345703125
4988,7183,278933.9652709961
4989,8481,278890.22607421875
4990,651,278781.14990234375
4991,7996,278767.54248046875
4992,8724,278475.4782714844
4993,6042,278471.8664550781
4994,6280,278441.3156738281
4995,9565,278277.5021972656
4996,4332,278257.8308105469
4997,7302,278076.4786376953
4998,4937,278004.59143066406
4999,1687,278002.0422363281
5000,3168,277931.19287109375
5001,7610,277811.0068359375
5002,8303,277578.3190917969
5003,4936,277571.57458496094
5004,5222,277130.23864746094
5005,7151,276951.28997802734
5006,4039,276943.5124511719
5007,9547,276888.748046875
5008,9665,276740.5173339844
5009,9764,276740.5173339844
5010,9666,276740.5173339844
5011,9664,276740.5173339844
5012,9564,276740.5173339844
5013,3392,276694.0987548828
5014,3391,276694.0987548828
5015,2751,276692.138671875
5016,6739,276624.89599609375
5017,7505,276597.6553955078
5018,9765,276510.353515625
5019,9201,276355.09765625
5020,9302,276355.09765625
5021,9202,276355.09765625
5022,9301,276355.09765625
5023,6433,276217.37158203125
5024,7403,276096.5925292969
5025,1992,276069.80322265625
5026,5190,276053.8972167969
5027,9326,276017.4113769531
5028,9401,275953.4416503906
5029,3742,275934.5949707031
5030,3268,275864.58203125
5031,2700,275722.091796875
5032,7506,275611.2355957031
5033,9029,275584.5539550781
5034,2769,275482.4362792969
5035,9423,275376.3874511719
5036,7414,275340.3916015625
5037,2599,275340.37451171875
5038,3265,275317.7683105469
5039,9863,275190.2482910156
5040,6888,275007.9608154297
5041,4833,274971.25817871094
5042,3150,274913.896484375
5043,5189,274729.31591796875
5044,4819,274626.9855957031
5045,5135,274617.369140625
5046,768,274440.2421875
5047,5330,274439.7756347656
5048,5118,274350.4162597656
5049,7188,274308.9822998047
5050,9303,274253.6813964844
5051,2699,274159.0046386719
5052,2698,274102.5390625
5053,9204,273970.9157714844
5054,2697,273860.0080566406
5055,1439,273852.4768066406
5056,6640,273837.1271972656
5057,7759,273761.03271484375
5058,2192,273718.8818359375
5059,2193,273718.8818359375
5060,2598,273718.8818359375
5061,2093,273705.8791503906
5062,8060,273697.8408203125
5063,7516,273681.2854003906
5064,2092,273566.0998535156
5065,4232,273555.0461425781
5066,7833,273526.7775878906
5067,2795,273477.3327636719
5068,7796,273474.29443359375
5069,1993,273348.0568847656
5070,7296,273330.4792480469
5071,2597,273278.94287109375
5072,3789,273278.7548828125
5073,4735,272658.39587402344
5074,3370,272405.0368652344
5075,8219,272367.7810058594
5076,9446,272347.6179199219
5077,9995,272296.3154296875
5078,9330,272128.7722167969
5079,1650,271924.8884277344
5080,6383,271776.8420410156
5081,5121,271763.47888183594
5082,4733,271743.9766845703
5083,5035,271692.81005859375
5084,6094,271687.8820800781
5085,8649,271585.1359863281
5086,4875,271518.12641334534
5087,7902,271476.69775390625
5088,2692,271473.43896484375
5089,3279,271395.306640625
5090,5119,271241.80615234375
5091,5018,271241.80615234375
5092,8433,271155.8190917969
5093,4835,271080.2498779297
5094,4772,271031.04042965174
5095,5693,270833.7197265625
5096,7419,270823.5256347656
5097,3229,270812.8557128906
5098,9346,270788.62646484375
5099,9542,270701.9108886719
5100,6040,270686.4187011719
5101,3941,270320.5183105469
5102,3574,270219.1728515625
5103,3883,270025.9990234375
5104,2293,269971.2209472656
5105,7435,269945.1884765625
5106,8596,269929.7463378906
5107,6544,269821.9675292969
5108,2493,269818.6806640625
5109,2336,269814.3815917969
5110,6598,269786.8132324219
5111,8828,269764.8896484375
5112,6534,269663.8212890625
5113,845,269661.16650390625
5114,3164,269419.4826660156
5115,8059,269260.93884277344
5116,7711,269198.71484375
5117,7600,269090.8205566406
5118,7303,268938.900390625
5119,7102,268777.7102050781
5120,5120,268764.47802734375
5121,3739,268665.54150390625
5122,7295,268641.2048339844
5123,7402,268628.0480957031
5124,6844,268619.9479980469
5125,3317,268360.5725097656
5126,1750,268324.9709472656
5127,5583,268275.2078857422
5128,2592,268219.1220703125
5129,7148,268204.9729003906
5130,8435,268203.3200683594
5131,8603,268024.9504394531
5132,5685,267982.44873046875
5133,1599,267925.4157714844
5134,2728,267883.85693359375
5135,7760,267881.34143066406
5136,9027,267797.0607910156
5137,8633,267777.2795410156
5138,7726,267727.3303527832
5139,2892,267658.39306640625
5140,9679,267445.1193847656
5141,7964,267437.96057128906
5142,3263,267428.3142089844
5143,5684,267300.53125
5144,3165,267141.7521972656
5145,6828,267112.99560546875
5146,9520,267007.8723144531
5147,9895,266912.1982421875
5148,4834,266738.4104003906
5149,9127,266726.85400390625
5150,8705,266624.6901855469
5151,3028,266280.2014160156
5152,3544,266112.8117675781
5153,3015,265779.6740722656
5154,8744,265773.48193359375
5155,3266,265760.958984375
5156,4431,265714.1330566406
5157,9402,265691.32421875
5158,5784,265684.1506347656
5159,9134,265610.5588378906
5160,4531,265494.8601074219
5161,2643,265086.9094238281
5162,9403,264996.2373046875
5163,8683,264781.1984863281
5164,646,264632.0732421875
5165,3586,264610.2878417969
5166,9317,264535.1188964844
5167,4483,264517.8596191406
5168,9203,264488.27685546875
5169,8632,264399.7001953125
5170,4532,264264.8044433594
5171,3329,264223.5466308594
5172,7659,264223.0646972656
5173,8533,264162.69580078125
5174,7680,264135.6315917969
5175,8801,264133.8469238281
5176,4535,264113.58435058594
5177,5787,264085.876953125
5178,5686,263998.7062988281
5179,8532,263905.7854003906
5180,2544,263713.4549560547
5181,3250,263652.8701171875
5182,6482,263647.79455566406
5183,649,263397.3337402344
5184,2980,263338.24938964844
5185,5788,263337.3898925781
5186,7082,263281.5168457031
5187,1598,263248.4807128906
5188,8048,263107.5
5189,2534,263051.3454589844
5190,2992,263038.16943359375
5191,7348,263000.095703125
5192,7376,262901.107421875
5193,4427,262784.5714416504
5194,7023,262719.1843261719
5195,2446,262627.7491455078
5196,2546,262627.7491455078
5197,2645,262627.7491455078
5198,2745,262627.7491455078
5199,2545,262627.7491455078
5200,2445,262627.7491455078
5201,2646,262627.7491455078
5202,2644,262627.7491455078
5203,7880,262614.43701171875
5204,8979,262586.9802246094
5205,2635,262585.9724121094
5206,9894,262529.01416015625
5207,1566,262525.6569824219
5208,5340,262418.2362909317
5209,3723,262366.0695800781
5210,7298,262279.6063232422
5211,1355,262145.484375
5212,761,262101.861328125
5213,2494,262024.33837890625
5214,3938,261934.84619140625
5215,6790,261905.51879882812
5216,5785,261880.53637695312
5217,5786,261812.07592773438
5218,4935,261763.49645996094
5219,6388,261747.3836669922
5220,5519,261637.5408935547
5221,6781,261596.42053222656
5222,4539,261536.77270507812
5223,8699,261528.7501220703
5224,5885,261459.10229492188
5225,6001,261436.78930664062
5226,6101,261434.04052734375
5227,2693,261406.89135742188
5228,2600,261304.87451171875
5229,7248,261141.71240234375
5230,6201,261111.07153320312
5231,1985,261071.19458007812
5232,4885,260898.353515625
5233,251,260828.5909423828
5234,2041,260769.72436523438
5235,2979,260723.79248046875
5236,3887,260700.89196777344
5237,2891,260666.83862304688
5238,1686,260635.5906982422
5239,2535,260586.24731445312
5240,3697,260523.53564453125
5241,3787,260460.6993408203
5242,2668,260389.40649414062
5243,8714,260365.30493164062
5244,9116,260338.7998046875
5245,9526,260220.10546875
5246,9626,260220.10546875
5247,9525,260220.10546875
5248,9524,260220.10546875
5249,9527,260220.10546875
5250,9627,260220.10546875
5251,9726,260220.10546875
5252,9727,260219.11791992188
5253,9825,260212.787109375
5254,9523,260203.08032226562
5255,9625,260202.75048828125
5256,9624,260173.96508789062
5257,9826,260168.037109375
5258,9725,260134.21069335938
5259,9724,260066.43188476562
5260,4331,260058.48754882812
5261,4635,260001.03588867188
5262,7037,259992.416015625
5263,9623,259973.58544921875
5264,2950,259942.546875
5265,3167,259906.06225585938
5266,3940,259868.0556640625
5267,5236,259565.7449951172
5268,9425,259423.2578125
5269,9793,259260.22705078125
5270,5694,259171.2752685547
5271,1397,259171.22143554688
5272,4537,259026.99853515625
5273,7251,258943.86749267578
5274,8064,258922.427734375
5275,6637,258918.91796875
5276,9824,258835.216796875
5277,4918,258712.09594726562
5278,1264,258711.53588867188
5279,4437,258687.90881347656
5280,3687,258573.27185058594
5281,9141,258511.22875976562
5282,7602,258494.5498046875
5283,3163,258451.50024414062
5284,3050,258343.681640625
5285,8749,258338.28247070312
5286,7959,258299.04565429688
5287,6783,258206.55114746094
5288,7917,258185.93432617188
5289,9140,258050.92431640625
5290,6883,257517.29040527344
5291,7732,257357.6690673828
5292,3688,257192.9571533203
5293,6983,257115.1713256836
5294,6982,257115.1713256836
5295,7083,257115.1713256836
5296,2455,257025.716796875
5297,6727,256993.203125
5298,8455,256956.90771484375
5299,8914,256941.37744140625
5300,4036,256734.13940429688
5301,5689,256693.07153320312
5302,4383,256522.3955078125
5303,8524,256484.69360351562
5304,7877,256476.22705078125
5305,3788,256275.0958251953
5306,9106,256202.42333984375
5307,2850,256098.15649414062
5308,3889,256085.99841308594
5309,5884,256071.98510742188
5310,7231,255985.88061523438
5311,9005,255899.02807617188
5312,8848,255874.6279296875
5313,6182,255609.66357421875
5314,3417,255539.60083007812
5315,5590,255524.37744140625
5316,9427,255459.55322265625
5317,5539,255379.2872314453
5318,5290,255373.14916992188
5319,7676,255279.037109375
5320,3942,255170.64428710938
5321,4734,255084.44262695312
5322,6281,255070.18115234375
5323,6400,254863.04956054688
5324,6283,254839.83154296875
5325,6382,254760.16943359375
5326,1746,254692.16369628906
5327,746,254592.28369140625
5328,7481,254581.81689453125
5329,2696,254474.5703125
5330,4720,254411.99755859375
5331,6540,254298.35546875
5332,351,254283.1796875
5333,6138,254259.82458496094
5334,9441,254248.53173828125
5335,9426,254181.46435546875
5336,8234,254178.86279296875
5337,7733,254069.68127441406
5338,7312,253862.4775390625
5339,2864,253708.80236816406
5340,3597,253667.6708984375
5341,7618,253587.08251953125
5342,5297,253554.26733398438
5343,6140,253534.83618164062
5344,5894,253525.02795410156
5345,9240,253420.59619140625
5346,2236,253388.63647460938
5347,3267,253320.40795898438
5348,8119,253311.0009765625
5349,1751,253194.4619140625
5350,3888,253071.08166503906
5351,5882,252999.13623046875
5352,963,252946.90112304688
5353,1588,252861.99780273438
5354,1586,252789.7225341797
5355,5528,252719.92724609375
5356,149,252692.4737548828
5357,7507,252669.71484375
5358,8583,252570.53955078125
5359,6240,252568.16235351562
5360,6139,252568.16235351562
5361,6239,252568.16235351562
5362,4419,252498.87133789062
5363,6183,252487.32421875
5364,3166,252402.0185546875
5365,5687,252294.36181640625
5366,8531,252139.90063476562
5367,8906,252080.72778320312
5368,5517,252069.91088867188
5369,5883,251867.24060058594
5370,2593,251827.88842773438
5371,3490,251823.0029296875
5372,9819,251813.24975585938
5373,3917,251783.24682617188
5374,7137,251687.9755859375
5375,7819,251686.14086914062
5376,7780,251680.12243652344
5377,5695,251440.6387939453
5378,6102,251372.68188476562
5379,4985,251325.4189453125
5380,8983,251279.15991210938
5381,4023,251212.22387695312
5382,7918,251188.46215820312
5383,9131,251007.62280273438
5384,9245,250999.54443359375
5385,9228,250907.234375
5386,9064,250818.46313476562
5387,5901,250608.43115234375
5388,450,250564.84301757812
5389,6282,250524.45874023438
5390,1356,250443.59765625
5391,3587,250423.58520507812
5392,9422,250402.6455078125
5393,3594,250282.75756835938
5394,8707,250229.38256835938
5395,2967,250075.328125
5396,9132,250027.9189453125
5397,9232,250027.9189453125
5398,9133,250027.9189453125
5399,9231,250027.9189453125
5400,2294,249992.13623046875
5401,5690,249956.173828125
5402,2681,249366.203125
5403,9892,249244.95166015625
5404,7421,249153.55883789062
5405,1456,248874.91381835938
5406,3841,248696.2216796875
5407,4730,248276.9873046875
5408,660,248223.65625
5409,1340,248051.74609375
5410,2393,248036.87548828125
5411,7382,248026.6455078125
5412,9692,247904.77197265625
5413,8624,247864.16284179688
5414,7720,247690.6199951172
5415,2744,247682.30883789062
5416,5692,247595.80004882812
5417,7297,247570.51501464844
5418,6241,247422.32946777344
5419,7695,247380.47314453125
5420,659,247185.07641601562
5421,9628,247183.65502929688
5422,6002,247115.67236328125
5423,8203,247082.86450195312
5424,6644,247015.28515625
5425,2759,246973.86328125
5426,9233,246954.36376953125
5427,9528,246886.1279296875
5428,5117,246745.9237060547
5429,2382,246702.7218017578
5430,5136,246682.89001464844
5431,9028,246642.50537109375
5432,7313,246390.9140625
5433,7603,246328.03002929688
5434,9128,246286.46606445312
5435,8335,246240.39916992188
5436,745,246201.49169921875
5437,5994,246194.29565429688
5438,5291,246191.92602539062
5439,3939,246143.62622070312
5440,5137,246008.2645263672
5441,5037,246008.2645263672
5442,5036,246008.2645263672
5443,8710,245916.4169921875
5444,8928,245869.93041992188
5445,8118,245737.74243164062
5446,5336,245698.88037109375
5447,5491,245592.44067382812
5448,5490,245592.44067382812
5449,5392,245592.44067382812
5450,5691,245592.44067382812
5451,5391,245592.44067382812
5452,5390,245592.44067382812
5453,6083,245590.54626464844
5454,7604,245427.7685546875
5455,5492,245398.15551757812
5456,1846,245277.5662841797
5457,3069,245181.1787109375
5458,9719,245070.17895507812
5459,8047,245042.52075195312
5460,6039,245005.87536621094
5461,1600,244881.12426757812
5462,2497,244848.27612304688
5463,1494,244804.162109375
5464,8397,244646.98413085938
5465,1544,244635.41870117188
5466,7703,244597.865234375
5467,5592,244452.62646484375
5468,2181,244415.755859375
5469,6925,244371.1514892578
5470,1396,244256.646484375
5471,7863,244249.4080810547
5472,2082,244225.31982421875
5473,7609,244201.3310546875
5474,2859,244174.37182617188
5475,8782,244099.46801757812
5476,8964,243978.86645507812
5477,9242,243878.94506835938
5478,5886,243828.61767578125
5479,8908,243743.69580078125
5480,8909,243743.69580078125
5481,8808,243743.69580078125
5482,8807,243743.69580078125
5483,9008,243743.69580078125
5484,8809,243743.69580078125
5485,8708,243743.69580078125
5486,8709,243743.69580078125
5487,9108,243743.69580078125
5488,9007,243733.20678710938
5489,9241,243732.88793945312
5490,7036,243645.50634765625
5491,744,243535.18579101562
5492,8024,243469.96484375
5493,757,243358.54736328125
5494,3498,243334.18701171875
5495,150,243290.3175048828
5496,2094,243010.41674804688
5497,2564,242894.93383789062
5498,6539,242843.22827148438
5499,7802,242733.427734375
5500,5314,242469.416015625
5501,2818,242433.24243164062
5502,2694,242372.05688476562
5503,1364,242286.75048828125
5504,5591,242206.28857421875
5505,8810,242204.94799804688
5506,1994,242171.02294921875
5507,7719,242020.96630859375
5508,9205,241990.64416503906
5509,9723,241923.6552734375
5510,6288,241906.1248779297
5511,1399,241866.4305419922
5512,9693,241825.3662109375
5513,5688,241732.87744140625
5514,8806,241626.29858398438
5515,9207,241339.93359375
5516,7620,241293.39880371094
5517,7614,241261.4822998047
5518,7860,241211.23010253906
5519,4439,241140.857421875
5520,9009,241084.90576171875
5521,2194,240758.142578125
5522,6937,240745.064453125
5523,8882,240726.65795898438
5524,7502,240684.8486328125
5525,5726,240607.5849609375
5526,8063,240601.91479492188
5527,6897,240570.9609375
5528,8325,240506.39331054688
5529,7514,240402.07592773438
5530,7107,240197.56811523438
5531,9105,239957.60229492188
5532,6940,239871.67236328125
5533,9104,239802.43432617188
5534,9899,239794.951171875
5535,2532,239790.17651367188
5536,4422,239715.8780670166
5537,9206,239652.28076171875
5538,2495,239598.787109375
5539,9002,239595.66552734375
5540,3079,239559.1083984375
5541,9540,239543.060546875
5542,1587,239535.20959472656
5543,7351,239278.70092773438
5544,6103,239267.21215820312
5545,8781,239244.14233398438
5546,5801,239234.79321289062
5547,2283,239048.91455078125
5548,3782,239034.52172851562
5549,3698,238945.39086914062
5550,3598,238945.39086914062
5551,4435,238868.9052734375
5552,9347,238832.70776367188
5553,9304,238263.64208984375
5554,3027,237985.419921875
5555,7396,237919.80883789062
5556,6737,237819.13598632812
5557,1567,237734.02294921875
5558,1798,237669.79272460938
5559,2186,237519.58203125
5560,6141,237507.68359375
5561,3169,237445.8681640625
5562,5641,237319.71728515625
5563,769,237305.85571289062
5564,8881,237146.61083984375
5565,8018,237042.75170898438
5566,7035,237039.0810546875
5567,7520,236929.15454101562
5568,9792,236817.25048828125
5569,9208,236684.11743164062
5570,760,236599.57373046875
5571,7395,236587.47680664062
5572,3080,236459.54235839844
5573,3684,236329.455078125
5574,8398,236212.56384277344
5575,8697,236212.56384277344
5576,8597,236212.56384277344
5577,8498,236212.56384277344
5578,8497,236212.56384277344
5579,8698,236212.56384277344
5580,8598,236212.56384277344
5581,7718,236176.82690429688
5582,2658,236155.76440429688
5583,7299,236124.74841308594
5584,3059,235886.33764648438
5585,6537,235750.64672851562
5586,8434,235699.43115234375
5587,3078,235610.43896484375
5588,9993,235609.00341796875
5589,9047,235527.46850585938
5590,7510,235503.76733398438
5591,4235,235362.8494873047
5592,4583,234934.9367980957
5593,3280,234934.2978515625
5594,2252,234930.03735351562
5595,2352,234660.36083984375
5596,1557,234468.10180664062
5597,4384,234395.92517089844
5598,1441,234372.6787109375
5599,4224,234224.72265625
5600,4321,234138.9697265625
5601,7495,234137.11157226562
5602,1540,234081.34912109375
5603,1658,234058.72924804688
5604,2921,233846.48291015625
5605,9102,233729.220703125
5606,7820,233677.63903808594
5607,4218,233643.51318359375
5608,2966,233565.37475585938
5609,6728,233482.33203125
5610,6399,233444.1904296875
5611,2596,233384.21020507812
5612,1558,233377.08813476562
5613,7150,233359.3123779297
5614,3115,233333.96655273438
5615,1339,233291.68872070312
5616,1996,233203.12963867188
5617,8843,233065.8974609375
5618,2394,232782.80297851562
5619,6936,232645.25024414062
5620,8235,232570.56860351562
5621,3987,232516.49267578125
5622,9107,232308.30029296875
5623,9522,232260.12817382812
5624,4534,232097.08374023438
5625,7862,232063.36450195312
5626,9439,231947.49389648438
5627,8883,231945.72924804688
5628,2781,231915.6251220703
5629,8729,231896.23706054688
5630,559,231887.12622070312
5631,4932,231782.6290283203
5632,1457,231745.37280273438
5633,4185,231670.84155273438
5634,4533,231654.8358154297
5635,8910,231470.18823242188
5636,2136,231432.54638671875
5637,6836,231398.90356445312
5638,6799,231267.5048828125
5639,6797,231267.5048828125
5640,6899,231267.5048828125
5641,6898,231267.5048828125
5642,6798,231267.5048828125
5643,7798,230971.7403564453
5644,2927,230897.7177734375
5645,7824,230805.34420776367
5646,6890,230760.09228515625
5647,3840,230612.16333007812
5648,9923,230477.43237304688
5649,5191,230467.078125
5650,1443,230437.31982421875
5651,5942,230321.76538085938
5652,8943,230277.7158203125
5653,1981,230277.07751464844
5654,9147,230253.75317382812
5655,4333,230118.12951660156
5656,1357,230099.41015625
5657,6726,229755.25439453125
5658,6084,229585.6405029297
5659,7033,229459.43701171875
5660,2594,229101.1162109375
5661,6238,228866.5223388672
5662,5622,228538.65161132812
5663,6740,228498.66967773438
5664,8334,228491.859375
5665,3683,228436.23376464844
5666,2695,228338.46752929688
5667,5436,228328.43188476562
5668,9841,228310.30810546875
5669,6882,228060.69354248047
5670,3617,228030.00512695312
5671,7803,228017.48950195312
5672,1045,228003.5439453125
5673,4633,227996.30249023438
5674,2922,227922.49877929688
5675,6628,227668.3701171875
5676,2295,227628.36450195312
5677,2297,227628.36450195312
5678,2095,227628.36450195312
5679,2096,227628.36450195312
5680,2496,227628.36450195312
5681,2595,227628.36450195312
5682,2397,227628.36450195312
5683,2396,227628.36450195312
5684,2395,227628.36450195312
5685,2296,227575.580078125
5686,4086,227536.59375
5687,1995,227521.06591796875
5688,2196,227385.7509765625
5689,7375,227337.8505859375
5690,2968,227225.7508544922
5691,5802,227170.28393554688
5692,2195,227105.8935546875
5693,7861,227053.6300048828
5694,3842,226944.87036132812
5695,8947,226897.85595703125
5696,3577,226872.67822265625
5697,8002,226830.39599609375
5698,1398,226829.3292236328
5699,6633,226706.02563476562
5700,7187,226384.14501953125
5701,9115,226372.486328125
5702,7960,226342.06408691406
5703,7961,226342.06408691406
5704,3269,226289.47314453125
5705,7929,226282.626953125
5706,9109,226136.451171875
5707,7415,226081.455078125
5708,9043,225909.00122070312
5709,3838,225877.10021972656
5710,4538,225743.89880371094
5711,9142,225662.44580078125
5712,4634,225660.09814453125
5713,6003,225515.9814453125
5714,9418,225487.71557617188
5715,2452,225365.56225585938
5716,8254,225365.25854492188
5717,5985,225311.43334960938
5718,4438,225261.87268066406
5719,9316,225241.19604492188
5720,3373,225119.78588867188
5721,8566,224988.48779296875
5722,9341,224937.37573242188
5723,1458,224848.33959960938
5724,5332,224824.17065429688
5725,7408,224774.01098632812
5726,7034,224726.78491210938
5727,8811,224725.626953125
5728,9999,224660.69946289062
5729,9823,224556.6438140869
5730,7316,224510.7772216797
5731,5696,224328.64892578125
5732,9234,224283.20068359375
5733,6498,224238.54516601562
5734,7496,224218.96801757812
5735,7410,224072.41430664062
5736,6735,223946.82104492188
5737,1541,223909.20446777344
5738,3223,223856.68212890625
5739,6541,223823.36499023438
5740,7451,223765.5712890625
5741,6938,223711.75463867188
5742,9103,223699.2265625
5743,8814,223689.916015625
5744,6736,223661.85913085938
5745,9926,223624.56860351562
5746,1300,223517.9571533203
5747,8907,223394.22509765625
5748,9014,223330.95727539062
5749,5887,223236.27795410156
5750,6542,223063.30712890625
5751,6641,223049.90844726562
5752,5624,223038.63916015625
5753,6642,223038.134765625
5754,452,223013.65576171875
5755,5085,222992.10375976562
5756,2197,222974.19213867188
5757,6488,222947.52026367188
5758,4234,222941.38330078125
5759,2533,222793.01245117188
5760,5182,222724.01879882812
5761,9780,222610.3046875
5762,2863,222513.31591796875
5763,6942,222482.93139648438
5764,2923,222474.74389648438
5765,6742,222469.79760742188
5766,5940,222443.92163085938
5767,551,222439.9951171875
5768,3399,222437.56762695312
5769,7422,222422.92810058594
5770,8399,222396.35876464844
5771,7409,222368.94506835938
5772,7508,222368.94506835938
5773,7509,222368.94506835938
5774,9215,222368.67065429688
5775,248,222357.35986328125
5776,4135,222344.91235351562
5777,1163,222105.10473632812
5778,3839,222014.72924804688
5779,8946,222013.6630859375
5780,8844,222013.6630859375
5781,9046,222013.6630859375
5782,8944,222013.6630859375
5783,9044,222013.6630859375
5784,9045,222013.6630859375
5785,8845,222013.6630859375
5786,8945,222013.6630859375
5787,8745,221946.5
5788,6316,221885.65966796875
5789,549,221876.9951171875
5790,7003,221809.82470703125
5791,253,221806.70239257812
5792,1882,221791.908203125
5793,2552,221746.07470703125
5794,5084,221619.98657226562
5795,7677,221533.97290039062
5796,9827,221433.1240234375
5797,2074,221432.18432617188
5798,9146,221209.73999023438
5799,3068,221123.52209472656
5800,9315,221043.328125
5801,1492,220935.54614257812
5802,7321,220909.79064941406
5803,7322,220909.79064941406
5804,6734,220746.06713867188
5805,6342,220601.1337890625
5806,7281,220432.33447265625
5807,3123,220341.99975585938
5808,8846,220289.0947265625
5809,7136,220193.6123046875
5810,4334,219957.55212402344
5811,9214,219923.92626953125
5812,6835,219916.57861328125
5813,7779,219870.44885253906
5814,3328,219869.84008789062
5815,8599,219844.92639160156
5816,3228,219841.22875976562
5817,1997,219811.95166015625
5818,3128,219673.0166015625
5819,6442,219641.09326171875
5820,6838,219586.75512695312
5821,3797,219539.99340820312
5822,2137,219451.69848632812
5823,8584,219400.375
5824,8682,219342.05908203125
5825,4732,219215.89453125
5826,2036,219073.49169921875
5827,9622,218941.57373046875
5828,6743,218855.39892578125
5829,2174,218835.17578125
5830,2037,218810.68334960938
5831,4035,218526.50122070312
5832,1837,218485.0439453125
5833,1838,218485.0439453125
5834,2139,218485.0439453125
5835,1638,218485.0439453125
5836,1839,218485.0439453125
5837,2039,218485.0439453125
5838,2038,218485.0439453125
5839,1738,218485.0439453125
5840,1937,218485.0439453125
5841,1737,218485.0439453125
5842,1939,218485.0439453125
5843,1938,218485.0439453125
5844,2138,218485.0439453125
5845,1739,218485.0439453125
5846,9918,218462.3525390625
5847,3227,218458.85620117188
5848,5520,218387.54052734375
5849,7702,218284.796875
5850,353,218250.3818359375
5851,1887,218218.61938476562
5852,2097,217823.421875
5853,1940,217794.0926513672
5854,3141,217753.39575195312
5855,3699,217717.72705078125
5856,6643,217648.81591796875
5857,6443,217641.58813476562
5858,3127,217636.02099609375
5859,3129,217578.37817382812
5860,6538,217546.2109375
5861,7797,217448.09802246094
5862,550,217446.38549804688
5863,6543,217360.66821289062
5864,2172,217319.76806640625
5865,2373,217319.76806640625
5866,2272,217319.76806640625
5867,2274,217319.76806640625
5868,2273,217319.76806640625
5869,2173,217319.76806640625
5870,5435,217274.28930664062
5871,7475,217242.6915283203
5872,254,216997.28247070312
5873,1559,216786.31176757812
5874,6636,216713.39770507812
5875,5888,216704.50811767578
5876,5083,216666.2061767578
5877,4632,216655.0245361328
5878,8630,216616.75524902344
5879,6999,216558.75659179688
5880,9113,216527.59692382812
5881,9114,216521.41357421875
5882,8767,216486.9891357422
5883,1840,216443.4832763672
5884,9216,216412.62329101562
5885,4275,216291.2099609375
5886,4630,216081.70288085938
5887,8354,215914.43505859375
5888,3460,215827.95849609375
5889,6515,215810.94958496094
5890,8430,215797.7977294922
5891,7498,215726.71020507812
5892,4134,215609.38732910156
5893,9213,215578.0029296875
5894,7599,215557.33569335938
5895,8847,215541.9365234375
5896,7222,215417.50732421875
5897,8880,215398.611328125
5898,4631,215396.60546875
5899,7132,215361.35836791992
5900,2250,215183.78637695312
5901,9415,215081.56982421875
5902,8402,214914.45581054688
5903,6086,214859.17749023438
5904,1936,214726.35498046875
5905,3024,214664.67407226562
5906,7595,214658.9786376953
5907,7924,214655.20468139648
5908,7697,214612.1611328125
5909,7381,214600.91955566406
5910,1489,214458.31420898438
5911,6416,214352.89135742188
5912,9314,214266.32055664062
5913,5215,214247.89697265625
5914,2365,214206.02465820312
5915,2498,214124.5546875
5916,7598,214048.48559570312
5917,9994,213953.34448242188
5918,5434,213815.3056640625
5919,1200,213785.8065185547
5920,6582,213479.61401367188
5921,546,213439.25024414062
5922,998,213433.76416015625
5923,1298,213433.76416015625
5924,1100,213433.76416015625
5925,1297,213433.76416015625
5926,1198,213433.76416015625
5927,1098,213427.1650390625
5928,1299,213422.23571777344
5929,1199,213413.98852539062
5930,3225,213411.29418945312
5931,4683,213391.3582763672
5932,999,213203.52404785156
5933,2978,213194.87548828125
5934,9515,213130.57080078125
5935,1197,212977.81298828125
5936,8812,212974.47387695312
5937,9416,212900.43359375
5938,9417,212836.1865234375
5939,6837,212822.091796875
5940,1858,212782.212890625
5941,7320,212639.912109375
5942,3040,212628.65844726562
5943,6935,212593.39501953125
5944,6788,212496.64392089844
5945,1488,212406.79064941406
5946,6535,212364.64099121094
5947,8329,212203.81872558594
5948,6581,212150.82202148438
5949,1387,212010.17443847656
5950,1568,211978.21630859375
5951,1637,211911.62841796875
5952,7497,211899.01904296875
5953,945,211895.4921875
5954,352,211875.59887695312
5955,1487,211797.2459716797
5956,7212,211756.015625
5957,1386,211674.46520996094
5958,6741,211635.01147460938
5959,7801,211602.2294921875
5960,6137,211600.98828125
5961,7398,211554.07067871094
5962,8748,211548.47412109375
5963,7596,211528.48767089844
5964,2762,211483.7042236328
5965,9344,211472.18041992188
5966,3493,211444.3067626953
5967,7499,211412.45727539062
5968,9145,211390.6591796875
5969,3890,211316.7559814453
5970,7420,211313.1865234375
5971,7698,211232.578125
5972,7696,211226.73193359375
5973,2547,211169.45275878906
5974,1941,211078.06494140625
5975,3063,211017.97814941406
5976,3066,211017.97814941406
5977,3064,211017.97814941406
5978,2963,211017.97814941406
5979,3067,211017.97814941406
5980,2964,211017.97814941406
5981,2965,211017.97814941406
5982,3065,211017.97814941406
5983,1569,210950.24609375
5984,3249,210922.025390625
5985,3270,210861.89453125
5986,9922,210742.30590820312
5987,3499,210694.5859375
5988,453,210691.26733398438
5989,6085,210508.48431396484
5990,8256,210491.97119140625
5991,9443,210427.06420898438
5992,6087,210386.7622680664
5993,1059,210376.17236328125
5994,5987,210366.31640625
5995,5986,210302.21966552734
5996,9620,210197.45190429688
5997,9619,210166.41064453125
5998,9618,210166.41064453125
5999,9621,210141.84741210938
6000,7758,210129.71563720703
6001,9721,210116.36962890625
6002,9003,210046.87890625
6003,9821,210022.20288085938
6004,9822,210008.76025390625
6005,3936,209962.98907470703
6006,9722,209930.66943359375
6007,6142,209870.96533203125
6008,4784,209810.33178710938
6009,6038,209731.34814453125
6010,3492,209729.96533203125
6011,3691,209729.96533203125
6012,3491,209729.96533203125
6013,3690,209729.96533203125
6014,3791,209729.96533203125
6015,3790,209729.96533203125
6016,3593,209729.96533203125
6017,3590,209729.96533203125
6018,3591,209700.59692382812
6019,7619,209619.4677734375
6020,2073,209610.90551757812
6021,552,209597.58471679688
6022,2862,209581.6690673828
6023,3592,209554.14672851562
6024,451,209389.16778564453
6025,5789,209388.34375
6026,4832,209355.2794189453
6027,3692,209347.66174316406
6028,9414,209336.96533203125
6029,9728,209246.36389160156
6030,6037,209227.5635986328
6031,8129,209162.1036376953
6032,1459,209115.76123046875
6033,3693,209096.908203125
6034,3575,208980.18530273438
6035,5493,208975.6026611328
6036,7597,208823.20263671875
6037,1486,208781.59143066406
6038,6041,208672.60083007812
6039,7519,208505.8221435547
6040,6202,208474.14428710938
6041,3170,208374.7333984375
6042,2449,208324.41662597656
6043,7717,207680.9591064453
6044,3990,207622.0859375
6045,2351,207395.15979003906
6046,666,207387.19677734375
6047,9518,207357.08081054688
6048,1358,207287.53076171875
6049,6941,207046.70849609375
6050,655,207037.95654296875
6051,8905,207032.337890625
6052,7032,206947.45849609375
6053,9010,206854.41284179688
6054,354,206793.0068359375
6055,759,206751.89770507812
6056,6341,206649.7528076172
6057,9718,206649.51318359375
6058,2969,206603.60766601562
6059,4789,206497.01733398438
6060,7133,206122.65405273438
6061,5835,206119.51928710938
6062,2563,205923.41674804688
6063,5593,205853.4500732422
6064,446,205773.75854492188
6065,8499,205765.03063964844
6066,6516,205717.66577148438
6067,3798,205614.13525390625
6068,652,205550.29223632812
6069,9413,205454.29296875
6070,653,205427.25415039062
6071,2372,205398.42700195312
6072,654,205356.7578125
6073,154,205163.56567382812
6074,454,205147.89208984375
6075,455,205147.89208984375
6076,355,205147.89208984375
6077,255,205147.89208984375
6078,553,205147.89208984375
6079,554,205147.89208984375
6080,1097,204861.8924560547
6081,997,204861.8924560547
6082,4123,204693.74658203125
6083,9144,204689.4140625
6084,9541,204680.78149414062
6085,1000,204672.85522460938
6086,6441,204644.47387695312
6087,8728,204518.8408203125
6088,7315,204407.5469970703
6089,7215,204407.5469970703
6090,5983,204142.74291992188
6091,1493,203928.14624023438
6092,155,203773.30883789062
6093,7400,203516.77600097656
6094,3599,203276.81225585938
6095,9501,203195.88623046875
6096,9840,203170.72314453125
6097,3891,203139.86853027344
6098,7822,203086.77655029297
6099,2680,203030.9111328125
6100,3178,202981.01220703125
6101,2880,202811.0626220703
6102,9143,202797.76171875
6103,2879,202778.65014648438
6104,9335,202738.44287109375
6105,6842,202425.7626953125
6106,7879,202231.13037109375
6107,6839,202183.05053710938
6108,3070,202120.96557617188
6109,7476,202108.7657470703
6110,1131,202062.55810546875
6111,3922,202035.92724609375
6112,2679,202021.62915039062
6113,2183,202019.1629638672
6114,1388,201988.12573242188
6115,6733,201986.560546875
6116,8627,201964.7459716797
6117,9516,201894.30615234375
6118,6840,201877.01977539062
6119,6841,201823.35668945312
6120,1385,201800.06994628906
6121,1024,201758.41625976562
6122,4620,201603.818359375
6123,1285,201549.51904296875
6124,3784,201450.77905273438
6125,7301,201413.80981445312
6126,46,201322.39990234375
6127,45,201322.39990234375
6128,44,201322.39990234375
6129,6340,201089.2147216797
6130,1974,200900.7734375
6131,9013,200825.64013671875
6132,9521,200726.80053710938
6133,2718,200706.33251953125
6134,3741,200680.21044921875
6135,9243,200646.59399414062
6136,6825,200365.87158203125
6137,4322,200327.7060546875
6138,7330,200323.6483154297
6139,3473,200318.32275390625
6140,4323,200308.15258789062
6141,9639,200009.03515625
6142,2085,199989.30444335938
6143,7401,199976.20849609375
6144,9312,199872.95336914062
6145,9313,199848.24780273438
6146,1099,199796.61096191406
6147,2647,199784.57397460938
6148,844,199553.08154296875
6149,2567,199419.22326660156
6150,7399,199369.07092285156
6151,5389,199308.91821289062
6152,7115,199264.07836914062
6153,7314,199253.11267089844
6154,9004,199243.31494140625
6155,7632,199209.6240234375
6156,1659,199170.5108642578
6157,6627,199133.35791015625
6158,8702,199110.77368164062
6159,9112,198982.63159179688
6160,9615,198944.48416137695
6161,4092,198911.34594726562
6162,555,198849.07690429688
6163,8746,198819.77124023438
6164,2780,198776.40551757812
6165,1570,198733.4287109375
6166,2580,198302.71252441406
6167,4119,198242.92797851562
6168,1642,198197.7518310547
6169,743,198176.86889648438
6170,3461,198170.06201171875
6171,8103,198134.21948242188
6172,3561,198107.6260986328
6173,3371,198060.9442138672
6174,2080,197850.5272216797
6175,6339,197704.78088378906
6176,8428,197656.1552734375
6177,3372,197622.55297851562
6178,1945,197406.9722290039
6179,4034,197299.6942138672
6180,2251,197282.2255859375
6181,6699,197281.67578125
6182,369,197251.99047851562
6183,370,197251.99047851562
6184,5735,197182.99169921875
6185,7216,197119.47229003906
6186,8763,197090.71118164062
6187,5289,197089.833984375
6188,1615,196869.6689453125
6189,6843,196783.83569335938
6190,8530,196735.48596191406
6191,4790,196598.84423828125
6192,876,196597.46752929688
6193,7962,196546.13134765625
6194,6093,196505.89489746094
6195,2140,196455.00146484375
6196,6990,196414.46740722656
6197,9212,196402.46264648438
6198,3792,196352.04614257812
6199,8429,196221.36389160156
6200,3179,196181.2225341797
6201,5988,196009.119140625
6202,661,195832.5146484375
6203,3900,195714.53881835938
6204,645,195643.25830078125
6205,8528,195563.18090820312
6206,4434,195556.47509765625
6207,9616,195545.78393554688
6208,8628,195507.50244140625
6209,9617,195483.27978515625
6210,8865,195394.18872070312
6211,6518,195292.87243652344
6212,5634,195164.4482421875
6213,5534,195164.4482421875
6214,5535,195161.74780273438
6215,5635,195160.54443359375
6216,6528,195037.58251953125
6217,5536,195026.08642578125
6218,8529,194994.84020996094
6219,8565,194948.27807617188
6220,8527,194891.43884277344
6221,1345,194877.49755859375
6222,7309,194876.9814453125
6223,2779,194853.53771972656
6224,1836,194838.51538085938
6225,9209,194578.25439453125
6226,2451,194525.50036621094
6227,6924,194399.2598876953
6228,1698,194340.67407226562
6229,3989,194214.14233398438
6230,8525,194155.66625976562
6231,6618,194148.34716796875
6232,6619,194148.34716796875
6233,6620,194148.34716796875
6234,6520,194148.34716796875
6235,6519,194148.34716796875
6236,8629,194139.94104003906
6237,3793,193847.0499267578
6238,6591,193771.03466796875
6239,7500,193746.0711669922
6240,8646,193729.4755859375
6241,7214,193720.95874023438
6242,3049,193554.55639648438
6243,580,193521.6729736328
6244,8425,193500.4442138672
6245,5183,193483.13916015625
6246,1286,193357.2869873047
6247,2265,193339.81591796875
6248,5489,193328.61596679688
6249,7114,193326.57751464844
6250,252,193240.34448242188
6251,2750,193149.9874267578
6252,2350,193132.12329101562
6253,2651,193078.5087890625
6254,2551,193078.5087890625
6255,644,193054.44116210938
6256,1982,192992.72265625
6257,944,192954.615234375
6258,3271,192804.09252929688
6259,1141,192703.86450195312
6260,942,192703.86450195312
6261,1042,192703.86450195312
6262,1041,192703.86450195312
6263,3740,192605.75659179688
6264,6690,192464.185546875
6265,3180,192439.85571289062
6266,1140,192354.52099609375
6267,153,191997.23510742188
6268,6188,191956.36096191406
6269,941,191881.44873046875
6270,943,191751.92260742188
6271,368,191542.30004882812
6272,9244,191506.37158203125
6273,9519,191145.67138671875
6274,270,191017.77294921875
6275,2450,190938.1192626953
6276,1485,190817.67602539062
6277,5836,190804.15698242188
6278,1881,190782.94299316406
6279,4831,190754.11700439453
6280,9311,190593.12744140625
6281,9110,190563.71118164062
6282,764,190551.11303710938
6283,9111,190544.1064453125
6284,9210,190537.15576171875
6285,3149,190517.13330078125
6286,3799,190423.18481445312
6287,2072,190295.7021484375
6288,1359,190278.5596923828
6289,4690,190254.03002929688
6290,5734,190205.63989257812
6291,3400,190140.42138671875
6292,842,190119.6904296875
6293,8780,190091.6865234375
6294,4791,189923.0343017578
6295,7300,189870.37768554688
6296,5393,189822.53173828125
6297,151,189784.3016357422
6298,3077,189773.44494628906
6299,1043,189746.23364257812
6300,4285,189744.8341064453
6301,9818,189626.81201171875
6302,6782,189447.28869628906
6303,4220,189389.64086914062
6304,5623,189305.3143310547
6305,1886,189292.41528320312
6306,742,189250.54858398438
6307,658,189109.85180664062
6308,5589,188829.93237304688
6309,8101,188775.60327148438
6310,7823,188663.70203399658
6311,2374,188581.47326660156
6312,9800,188499.5390625
6313,7014,188391.423828125
6314,8225,188360.59301757812
6315,6536,188209.00073242188
6316,1142,188087.9912109375
6317,2915,187999.24572753906
6318,6719,187958.29638671875
6319,2814,187878.14001464844
6320,2813,187855.80639648438
6321,9011,187845.43383789062
6322,8813,187830.36645507812
6323,2970,187796.92993164062
6324,3517,187760.89086914062
6325,9342,187729.28857421875
6326,6242,187703.15991210938
6327,1240,187677.96630859375
6328,1040,187674.69750976562
6329,2914,187641.44409179688
6330,6943,187543.21069335938
6331,8328,187500.3006591797
6332,4100,187457.99438476562
6333,152,187455.08337402344
6334,1700,187317.50268554688
6335,4892,187313.2869873047
6336,4091,187274.43127441406
6337,6720,187265.12438964844
6338,7335,187160.99829101562
6339,3414,187119.97973632812
6340,7631,187114.4248046875
6341,8582,187111.19592285156
6342,8547,187030.42260742188
6343,8548,187030.42260742188
6344,8648,187030.42260742188
6345,2182,187017.9482421875
6346,6934,187011.39038085938
6347,9211,186920.37963867188
6348,8647,186909.77661132812
6349,7528,186892.48052978516
6350,7527,186892.05657958984
6351,5237,186858.67443847656
6352,6908,186830.13354492188
6353,558,186814.23657226562
6354,8747,186794.81909179688
6355,3071,186767.84692382812
6356,2971,186767.84692382812
6357,6834,186741.89306640625
6358,3899,186690.36840820312
6359,4000,186690.36840820312
6360,4190,186422.3153076172
6361,6681,186391.61889648438
6362,6824,186380.34826660156
6363,7630,186168.15380859375
6364,9012,186051.81323242188
6365,3171,186039.0400390625
6366,6833,186021.36938476562
6367,843,186013.08740234375
6368,3074,185881.9346923828
6369,3072,185881.9346923828
6370,3073,185881.9346923828
6371,2972,185881.9346923828
6372,2973,185881.9346923828
6373,3514,185836.58349609375
6374,1639,185795.05407714844
6375,269,185784.25952148438
6376,4090,185768.00830078125
6377,3272,185402.935546875
6378,2815,185401.69409179688
6379,7878,185365.4317626953
6380,8911,185302.60180664062
6381,8912,185270.11401367188
6382,7628,185268.3857421875
6383,4672,185078.21096244454
6384,3817,184919.95654296875
6385,2796,184914.27416992188
6386,4495,184895.33666992188
6387,3998,184853.50952148438
6388,6682,184824.60815429688
6389,3172,184767.35510253906
6390,6933,184647.69140625
6391,3273,184625.6650390625
6392,7149,184605.25848388672
6393,6823,184583.0499267578
6394,3075,184547.67553710938
6395,2872,184527.62182617188
6396,4097,184456.83276367188
6397,3997,184456.83276367188
6398,4098,184456.83276367188
6399,3999,184281.02294921875
6400,3173,184256.96264648438
6401,3996,184255.95751953125
6402,665,184235.9014892578
6403,4198,184233.3974609375
6404,4199,184204.06005859375
6405,4731,184104.29907226562
6406,8704,183998.17456054688
6407,4096,183996.10498046875
6408,4099,183913.91772460938
6409,9310,183867.224609375
6410,7134,183857.80529785156
6411,3174,183812.8779296875
6412,3177,183796.5107421875
6413,2381,183780.41369628906
6414,2434,183726.91357421875
6415,3175,183724.62475585938
6416,3474,183668.83947753906
6417,3277,183665.25146484375
6418,3478,183665.25146484375
6419,3378,183665.25146484375
6420,3475,183665.25146484375
6421,3275,183665.25146484375
6422,3276,183665.25146484375
6423,3476,183665.25146484375
6424,3176,183665.25146484375
6425,3477,183665.25146484375
6426,3375,183665.25146484375
6427,3376,183665.25146484375
6428,3377,183665.25146484375
6429,3576,183665.25146484375
6430,3374,183636.34106445312
6431,3274,183627.77197265625
6432,2040,183571.79357910156
6433,3278,183529.00036621094
6434,3717,183259.68994140625
6435,4292,183183.57543945312
6436,1338,183138.54321289062
6437,8913,183078.1474609375
6438,2962,183044.62060546875
6439,9331,183041.56298828125
6440,3897,183015.41064453125
6441,4792,182637.78466796875
6442,3898,182552.07739257812
6443,6932,182527.50341796875
6444,2845,182438.61853027344
6445,6119,182433.47338867188
6446,2282,182229.8809814453
6447,3600,182068.2939453125
6448,356,182037.14868164062
6449,8001,181549.60278320312
6450,9680,181511.71142578125
6451,9580,181511.71142578125
6452,9579,181511.71142578125
6453,5184,181454.0302734375
6454,3896,181392.22119140625
6455,2827,181374.56665039062
6456,898,181356.68560791016
6457,8902,181336.06640625
6458,2740,181186.85095214844
6459,3515,181071.29833984375
6460,4022,180902.41088867188
6461,3892,180563.2583618164
6462,6499,180438.7596435547
6463,4197,180316.79345703125
6464,4433,180276.13330078125
6465,1958,180179.56030273438
6466,3616,180172.24829101562
6467,3516,180156.75439453125
6468,6832,179993.8974609375
6469,3615,179953.30151367188
6470,3416,179923.37377929688
6471,3415,179906.43701171875
6472,841,179886.26513671875
6473,8681,179872.46643066406
6474,9900,179692.11181640625
6475,2839,179665.74084472656
6476,4496,179630.62036132812
6477,2939,179394.9425048828
6478,442,179374.33140563965
6479,3716,179368.44921875
6480,3316,179307.72998046875
6481,2940,179258.0233154297
6482,2941,179258.0233154297
6483,2840,179258.0233154297
6484,2841,179258.0233154297
6485,1571,179182.6512451172
6486,3041,179173.3114013672
6487,2741,179147.67016601562
6488,2942,179133.39025878906
6489,2435,179056.3670654297
6490,7397,178977.63220214844
6491,7627,178964.39837646484
6492,2842,178899.0206298828
6493,2747,178789.6329345703
6494,771,178782.29345703125
6495,3241,178746.54370117188
6496,1044,178674.58715820312
6497,4200,178594.05102539062
6498,3988,178551.29541015625
6499,1471,178212.9315185547
6500,6599,178185.0994873047
6501,8356,178090.22302246094
6502,7352,177756.1541748047
6503,7428,177715.89392089844
6504,1239,177652.9765625
6505,1139,177605.09448242188
6506,4089,177523.791015625
6507,3362,177495.80102539062
6508,10000,177456.71704101562
6509,641,177419.89819335938
6510,5138,177330.6309814453
6511,6527,177274.4228515625
6512,4986,177157.89807128906
6513,268,177117.90161132812
6514,9436,176990.80114746094
6515,2742,176881.13989257812
6516,1699,176862.150390625
6517,7013,176552.83068847656
6518,3783,176464.19506835938
6519,7213,176450.9559326172
6520,441,176402.41381835938
6521,7113,176365.7608642578
6522,7633,176343.18688964844
6523,5984,176343.1453857422
6524,7111,176315.1297607422
6525,8427,176226.40356445312
6526,341,176182.6640625
6527,168,176172.69799804688
6528,7828,176170.12567138672
6529,541,176162.74096679688
6530,656,176156.80249023438
6531,169,176139.31884765625
6532,741,176077.87866210938
6533,7501,176062.78540039062
6534,638,176037.73486328125
6535,657,176021.85498046875
6536,339,175978.06030273438
6537,439,175965.40771484375
6538,438,175963.80346679688
6539,440,175963.1455078125
6540,538,175955.17211914062
6541,540,175954.56762695312
6542,738,175953.17138671875
6543,937,175953.17138671875
6544,1136,175953.17138671875
6545,939,175953.17138671875
6546,1037,175953.17138671875
6547,1039,175953.17138671875
6548,938,175953.17138671875
6549,1337,175953.17138671875
6550,1035,175953.17138671875
6551,1238,175953.17138671875
6552,1236,175953.17138671875
6553,837,175953.17138671875
6554,539,175953.17138671875
6555,840,175953.17138671875
6556,838,175953.17138671875
6557,839,175953.17138671875
6558,1138,175953.17138671875
6559,1137,175953.17138671875
6560,739,175953.17138671875
6561,936,175953.17138671875
6562,640,175953.17138671875
6563,1036,175953.17138671875
6564,1038,175953.17138671875
6565,1237,175953.17138671875
6566,639,175953.17138671875
6567,740,175953.17138671875
6568,737,175953.17138671875
6569,9517,175707.57153320312
6570,3543,175664.0869140625
6571,836,175621.95922851562
6572,542,175547.70385742188
6573,4692,175438.40789794922
6574,736,175338.06494140625
6575,8802,175206.6513671875
6576,1235,175204.10595703125
6577,2974,175173.93676757812
6578,6440,175158.13732910156
6579,1336,175148.8017578125
6580,6439,175091.6309814453
6581,3076,175019.72521972656
6582,5188,174997.93408203125
6583,935,174890.58032226562
6584,3894,174796.50659179688
6585,3992,174767.1270751953
6586,4193,174765.16772460938
6587,4793,174586.59692382812
6588,4519,174340.49438476562
6589,1341,174057.44995117188
6590,544,173997.94384765625
6591,6588,173934.6674194336
6592,6688,173927.63598632812
6593,537,173891.98071289062
6594,6689,173889.7728881836
6595,3500,173655.04956054688
6596,5429,173631.47900390625
6597,7728,173491.16912841797
6598,456,173294.13424682617
6599,1134,173252.720703125
6600,8805,172828.36694335938
6601,5628,172752.87084960938
6602,6500,172665.22583007812
6603,9739,172654.70947265625
6604,7515,172561.96459960938
6605,7616,172561.96459960938
6606,7615,172561.96459960938
6607,7716,172504.08264160156
6608,68,172437.26196289062
6609,1491,172340.10229492188
6610,664,172314.24353027344
6611,4189,172181.08056640625
6612,7088,172037.85400390625
6613,3259,171985.4443359375
6614,6438,171936.3953857422
6615,4394,171862.4012451172
6616,3800,171711.5791015625
6617,2873,171692.5477294922
6618,6732,171682.59252929688
6619,9502,171633.8798828125
6620,8029,171616.2947998047
6621,7308,171409.80834960938
6622,9479,171076.89135742188
6623,4693,171013.77252197266
6624,7601,170899.59106445312
6625,2943,170774.8486328125
6626,1160,170774.60546875
6627,7200,170724.29357910156
6628,4987,170442.90087890625
6629,4196,170341.48095703125
6630,3341,170319.83325195312
6631,2812,170277.8516845703
6632,2466,170237.11376953125
6633,897,170202.40783691406
6634,1914,170011.48583984375
6635,1135,170010.38330078125
6636,2870,169896.87634277344
6637,2774,169895.71801757812
6638,2959,169831.07360839844
6639,560,169811.34704589844
6640,6789,169730.1212158203
6641,3895,169688.92993164062
6642,338,169629.52270507812
6643,8803,169518.38500976562
6644,1034,169466.94677734375
6645,8202,169429.80737304688
6646,4191,169399.33459472656
6647,556,169346.41271972656
6648,7135,169326.74926757812
6649,2819,169318.13940429688
6650,9412,169182.11328125
6651,566,169060.01806640625
6652,1980,168999.826171875
6653,1973,168642.2724609375
6654,557,168569.89111328125
6655,2579,168559.52349853516
6656,1645,168481.0977783203
6657,3700,168449.44873046875
6658,4095,168405.95654296875
6659,5742,168372.04919433594
6660,1442,168350.78125
6661,4273,168306.6925048828
6662,4293,168184.38537597656
6663,4818,167950.87866210938
6664,1143,167927.63500976562
6665,4192,167903.5263671875
6666,2463,167812.49072265625
6667,5397,167800.06176757812
6668,4691,167713.60229492188
6669,8766,167608.1307373047
6670,3994,167496.16564941406
6671,6415,167452.4180908203
6672,2871,167386.15356445312
6673,5638,167371.63342285156
6674,457,167047.1278076172
6675,4094,167038.14379882812
6676,2464,166842.248046875
6677,4392,166752.3037109375
6678,4194,166714.953125
6679,8703,166692.41015625
6680,4195,166501.95141601562
6681,2822,166419.0576171875
6682,1736,166377.4952392578
6683,642,166372.70849609375
6684,2913,166348.7381591797
6685,5197,166278.79553222656
6686,4999,166220.59020996094
6687,4291,166195.70922851562
6688,4298,166181.19860839844
6689,2363,166164.7080078125
6690,2364,166164.7080078125
6691,2465,166164.7080078125
6692,5283,166162.47680664062
6693,4299,166129.7635498047
6694,6615,166066.79333496094
6695,2263,165975.0234375
6696,4318,165961.31030273438
6697,6420,165895.07495117188
6698,4391,165832.94653320312
6699,5331,165694.26208496094
6700,2262,165663.57104492188
6701,6532,165653.36328125
6702,2519,165543.85546875
6703,2843,165255.0390625
6704,371,165246.35864257812
6705,4021,165217.45654296875
6706,7112,165061.83471679688
6707,5594,165039.5391845703
6708,3995,164973.7802734375
6709,4296,164936.80151367188
6710,4598,164930.36547851562
6711,2550,164835.34692382812
6712,4491,164777.03967285156
6713,340,164743.87841796875
6714,8326,164654.50915527344
6715,5214,164300.2705078125
6716,256,164211.61743164062
6717,7233,164174.0350341797
6718,637,164155.38818359375
6719,5936,164135.76403808594
6720,4498,164106.78094482422
6721,6434,164075.16040039062
6722,4592,164060.44287109375
6723,940,163995.75634765625
6724,7207,163936.14428710938
6725,4591,163932.88208007812
6726,4020,163829.63818359375
6727,4398,163770.1856689453
6728,4297,163770.1856689453
6729,4397,163770.1856689453
6730,4497,163770.1856689453
6731,4396,163769.22106933594
6732,4120,163697.17736816406
6733,7232,163694.43041992188
6734,2619,163663.14794921875
6735,8765,163655.54333496094
6736,8255,163477.96118164062
6737,8355,163477.96118164062
6738,5941,163463.6729736328
6739,4399,163376.8319091797
6740,2714,163323.80151367188
6741,7221,163258.17993164062
6742,6708,163226.71850585938
6743,4290,163086.47973632812
6744,2719,163044.763671875
6745,4295,163015.93481445312
6746,6729,162984.14697265625
6747,1438,162941.0908203125
6748,2520,162900.86474609375
6749,2621,162900.86474609375
6750,2821,162900.86474609375
6751,2820,162900.86474609375
6752,2620,162900.86474609375
6753,2720,162900.86474609375
6754,2622,162900.86474609375
6755,2521,162900.86474609375
6756,2721,162900.86474609375
6757,2420,162900.86474609375
6758,2722,162900.86474609375
6759,6808,162858.8494873047
6760,170,162827.83544921875
6761,2421,162700.44799804688
6762,2715,162583.55908203125
6763,4393,162564.83447265625
6764,2264,162533.173828125
6765,5538,162143.55438232422
6766,6600,162079.0965576172
6767,4093,162043.8983154297
6768,6521,161997.07287597656
6769,4221,161918.9327392578
6770,342,161847.69750976562
6771,835,161842.5859375
6772,4395,161829.54077148438
6773,470,161797.18530273438
6774,7825,161729.37269592285
6775,7210,161711.87670898438
6776,7234,161585.2528076172
6777,7727,161340.14517211914
6778,2522,161045.56396484375
6779,8102,160802.54809570312
6780,2849,160504.6220703125
6781,2016,160489.10388183594
6782,7963,160217.23217773438
6783,8903,160210.1181640625
6784,4222,160171.0205078125
6785,7235,160140.94885253906
6786,5494,159786.56939697266
6787,437,159659.0830078125
6788,7031,159624.72583007812
6789,3618,159417.89868164062
6790,271,159308.87890625
6791,2678,159290.07202148438
6792,1241,159134.37341308594
6793,4385,159015.7501220703
6794,543,158967.74951171875
6795,2924,158789.80004882812
6796,7827,158701.37969970703
6797,6338,158555.4725341797
6798,6913,158520.7882080078
6799,467,158387.98474121094
6800,1437,158380.0108642578
6801,4590,158333.66662597656
6802,466,158230.3389892578
6803,4300,158006.18798828125
6804,2165,157982.92443847656
6805,2166,157981.82080078125
6806,2662,157909.9873046875
6807,5633,157716.080078125
6808,5533,157714.7354736328
6809,4121,157655.99279785156
6810,1715,157505.4033203125
6811,7220,157367.65283203125
6812,2713,157366.32177734375
6813,5086,157334.1934814453
6814,4223,157278.55798339844
6815,7778,157242.4971923828
6816,2618,157205.048828125
6817,4122,157089.34887695312
6818,5723,157082.59155273438
6819,2975,157016.96520996094
6820,2778,156867.4825439453
6821,3014,156772.45971679688
6822,1975,156661.2177734375
6823,3918,156660.5887451172
6824,2878,156609.9354248047
6825,5902,156607.97729492188
6826,8904,156594.08911132812
6827,4887,156210.43493652344
6828,1743,155989.35870361328
6829,5497,155937.20904541016
6830,565,155858.51196289062
6831,2356,155764.31518554688
6832,2743,155710.63012695312
6833,367,155684.5350341797
6834,2874,155655.82165527344
6835,8501,155192.60717773438
6836,2844,155191.3045654297
6837,6491,155169.67706298828
6838,6391,155168.31072998047
6839,2086,155083.7470703125
6840,2087,155083.7470703125
6841,1987,155083.7470703125
6842,1986,155083.7470703125
6843,2976,155016.21875
6844,8302,154910.67578125
6845,2977,154822.9434814453
6846,1916,154772.06005859375
6847,6621,154450.44384765625
6848,6490,154450.21618652344
6849,8804,154383.04724121094
6850,5433,154369.37060546875
6851,5597,154324.6453857422
6852,2335,154308.62866210938
6853,2167,154127.037109375
6854,3062,154110.21362304688
6855,2157,154108.83532714844
6856,6929,154098.34814453125
6857,2777,154045.17211914062
6858,156,153961.82055664062
6859,2805,153602.74877929688
6860,5595,153579.82977294922
6861,5296,153508.3335571289
6862,7334,153469.8955078125
6863,5395,153453.23370361328
6864,5496,153453.23370361328
6865,5596,153453.23370361328
6866,5495,153453.23370361328
6867,6390,153450.7172241211
6868,5396,153388.8653564453
6869,6800,153298.74841308594
6870,4294,153239.01000976562
6871,6632,153116.6259765625
6872,469,153073.63208007812
6873,9912,153071.0799560547
6874,3159,153038.93591308594
6875,6904,152955.50524902344
6876,2776,152905.5369873047
6877,3445,152894.74560546875
6878,7629,152869.94580078125
6879,7008,152740.9119873047
6880,9514,152694.75830078125
6881,6088,152545.82653808594
6882,4088,152477.2996826172
6883,2419,152473.62133789062
6884,4788,152373.69702148438
6885,458,152367.1326904297
6886,4492,152304.7979736328
6887,7108,152254.63647460938
6888,1538,152195.1522216797
6889,2875,151994.978515625
6890,2876,151953.94592285156
6891,2677,151833.64416503906
6892,6718,151400.7313232422
6893,241,151325.1551513672
6894,2949,151305.18041992188
6895,5992,151153.17163085938
6896,167,151085.02709960938
6897,2650,150901.7550048828
6898,871,150895.0009765625
6899,545,150776.09533691406
6900,267,150744.42443847656
6901,9332,150709.2237548828
6902,1782,150671.18701171875
6903,5394,150630.44232177734
6904,9429,150539.27966308594
6905,1978,150418.0321044922
6906,1271,150116.7315673828
6907,8581,150070.8153076172
6908,8526,150017.81677246094
6909,1979,149995.97875976562
6910,6421,149984.4910888672
6911,2877,149981.83837890625
6912,861,149937.62133789062
6913,1880,149900.05102539062
6914,4418,149759.98901367188
6915,4976,149729.52490234375
6916,3519,149505.8974609375
6917,5087,149501.90997314453
6918,3413,149404.42126464844
6919,7776,149260.44689941406
6920,8666,149218.5751953125
6921,4597,149008.81323242188
6922,8665,148987.5167236328
6923,3893,148969.82397460938
6924,6221,148934.73315429688
6925,6320,148934.73315429688
6926,6322,148934.73315429688
6927,6321,148934.73315429688
6928,2362,148916.73474121094
6929,5537,148909.76599121094
6930,1145,148873.40087890625
6931,6589,148691.95977783203
6932,4087,148625.33618164062
6933,2775,148553.42114257812
6934,2206,148464.4376220703
6935,6900,148447.1905517578
6936,9306,148412.66650390625
6937,9513,147925.17028808594
6938,2320,147780.94494628906
6939,4694,147739.40979003906
6940,3991,147690.7745361328
6941,6389,147611.4061279297
6942,9343,147499.74584960938
6943,2604,147458.02197265625
6944,5295,147457.2891845703
6945,2605,147395.5010986328
6946,2704,147339.056640625
6947,962,147264.9093017578
6948,1162,147264.9093017578
6949,1161,147264.9093017578
6950,1740,147216.87036132812
6951,5000,147198.6072998047
6952,9442,147103.7060546875
6953,2235,147059.60278320312
6954,2135,147013.69604492188
6955,2306,146996.1378173828
6956,7219,146845.642578125
6957,5516,146770.8006591797
6958,2305,146690.7677001953
6959,2607,146624.3681640625
6960,2405,146624.3681640625
6961,2606,146624.3681640625
6962,2506,146624.3681640625
6963,2706,146624.3681640625
6964,2505,146603.8555908203
6965,1062,146552.693359375
6966,2406,146535.2950439453
6967,7333,146509.36206054688
6968,4484,146399.50561523438
6969,1242,146266.2423095703
6970,636,146067.49487304688
6971,2205,145924.15576171875
6972,2727,145916.1040649414
6973,445,145774.70880126953
6974,1977,145762.99291992188
6975,357,145753.86352539062
6976,4594,145743.9736328125
6977,4390,145675.03381347656
6978,2626,145574.47076416016
6979,1384,145482.232421875
6980,5825,145478.17846679688
6981,976,145468.0577392578
6982,8664,145408.7342529297
6983,6590,145284.4503173828
6984,2507,145276.86279296875
6985,1144,145257.33044433594
6986,7777,145233.19891357422
6987,2726,145215.6323852539
6988,5937,145209.7124633789
6989,934,145084.6033935547
6990,2207,145069.82373046875
6991,2307,145044.29724121094
6992,971,144804.3233642578
6993,8201,144759.6807861328
6994,7208,144700.46813964844
6995,2424,144569.82220458984
6996,6923,144463.548828125
6997,2480,144463.32250976562
6998,2504,144453.78857421875
6999,1565,144446.51220703125
7000,7434,144323.1541748047
7001,1879,144221.97399902344
7002,1061,144194.09436035156
7003,9307,144160.56604003906
7004,7452,144071.50830078125
7005,6220,144067.05908203125
7006,2707,144039.8253173828
7007,6988,143671.46002197266
7008,7009,143628.72705078125
7009,2525,143575.07202148438
7010,5483,143521.82763671875
7011,7217,143476.72631835938
7012,7015,143068.40380859375
7013,7116,143066.4110107422
7014,9309,143043.90942382812
7015,4689,143039.01904296875
7016,8680,142945.57849121094
7017,6301,142909.63220214844
7018,8579,142830.02893066406
7019,3718,142690.47875976562
7020,1875,142333.64501953125
7021,1772,142324.90380859375
7022,2334,142307.8817138672
7023,2823,142283.1190185547
7024,6422,142272.58544921875
7025,7209,142217.85229492188
7026,3042,142164.94396972656
7027,2079,142050.4638671875
7028,1344,141992.28149414062
7029,7110,141989.80078125
7030,7109,141989.80078125
7031,5292,141909.3172607422
7032,3248,141786.88342285156
7033,3247,141786.88342285156
7034,3315,141625.84692382812
7035,1878,141564.84020996094
7036,2134,141535.40588378906
7037,443,141513.7518310547
7038,2804,141503.69470214844
7039,240,141394.20629882812
7040,3441,141392.0869140625
7041,1537,141356.4287109375
7042,4493,141349.77822875977
7043,2078,141348.19604492188
7044,5904,141190.78198242188
7045,5893,141165.33599853516
7046,9813,141150.32543945312
7047,69,141099.3328857422
7048,2846,141062.1162109375
7049,2107,141027.88122558594
7050,1245,140992.9102783203
7051,2281,140989.72241210938
7052,1343,140957.73461914062
7053,1342,140957.73461914062
7054,1243,140957.73461914062
7055,1244,140946.9072265625
7056,1872,140875.9580078125
7057,3513,140814.13146972656
7058,862,140574.03356933594
7059,8301,140551.20751953125
7060,1871,140501.53088378906
7061,345,140371.13244628906
7062,2035,140310.0213623047
7063,7100,140031.08068847656
7064,1877,139998.3780517578
7065,1669,139914.39672851562
7066,1640,139850.6572265625
7067,43,139849.33264160156
7068,4499,139826.60620117188
7069,2066,139721.75073242188
7070,7928,139685.62365722656
7071,2508,139669.4305419922
7072,2826,139595.5047607422
7073,1674,139544.7694091797
7074,2234,139504.71655273438
7075,6203,139388.37658691406
7076,1673,139387.99780273438
7077,7011,139365.42456054688
7078,9717,139352.5926513672
7079,8580,139090.59631347656
7080,2806,139079.45727539062
7081,961,139078.6611328125
7082,3715,138978.84240722656
7083,7218,138965.42749023438
7084,2905,138909.24584960938
7085,1759,138903.75927734375
7086,4596,138813.34313964844
7087,1876,138798.20568847656
7088,3818,138775.2578125
7089,1672,138768.2420654297
7090,7012,138758.1170654297
7091,7433,138733.5860595703
7092,8228,138718.76684570312
7093,3816,138671.13903808594
7094,145,138582.10272216797
7095,4886,138544.3836669922
7096,4019,138491.5994873047
7097,1971,138431.1834716797
7098,2423,138401.9174194336
7099,9927,138313.6798095703
7100,5098,138283.947265625
7101,1775,138255.13330078125
7102,1675,138255.13330078125
7103,1773,137885.95947265625
7104,4494,137874.0439453125
7105,7534,137843.29248046875
7106,2407,137820.0615234375
7107,366,137591.53857421875
7108,1771,137439.82958984375
7109,6216,137169.05859375
7110,7533,137138.1459350586
7111,8127,137100.3166809082
7112,8126,137098.31686401367
7113,2075,137096.24572753906
7114,7821,137024.2182006836
7115,8128,137009.26458740234
7116,8028,136989.85842895508
7117,8027,136930.62002563477
7118,8778,136875.2127685547
7119,7117,136775.2071533203
7120,67,136705.94787597656
7121,4595,136695.43896484375
7122,3822,136636.98181152344
7123,643,136394.71606445312
7124,9941,136387.96643066406
7125,1776,136369.5020751953
7126,1477,136369.5020751953
7127,1678,136369.5020751953
7128,1577,136369.5020751953
7129,1676,136369.5020751953
7130,1677,136369.5020751953
7131,1578,136369.5020751953
7132,1576,136369.5020751953
7133,1777,136336.11889648438
7134,5724,136219.10815429688
7135,1844,136128.3403930664
7136,4490,136108.3189086914
7137,2462,136096.9727783203
7138,7010,136089.77270507812
7139,1779,136070.70092773438
7140,1778,135996.0379638672
7141,1780,135961.95275878906
7142,6805,135879.29455566406
7143,4593,135844.13580322266
7144,1573,135664.7127685547
7145,3162,135614.21740722656
7146,3360,135339.31372070312
7147,7927,135331.7504272461
7148,3614,135304.81225585938
7149,8226,135268.8624572754
7150,166,135243.64575195312
7151,365,135166.84631347656
7152,266,135166.84631347656
7153,265,135166.84631347656
7154,1774,135143.4923095703
7155,8227,135141.25100708008
7156,8679,135087.08740234375
7157,6036,135084.8935546875
7158,3921,135057.1787109375
7159,6723,134939.8114013672
7160,4576,134936.63940429688
7161,1060,134929.78674316406
7162,2608,134925.6036376953
7163,465,134728.80407714844
7164,567,134658.5262451172
7165,3146,134640.9393310547
7166,3048,134640.8690185547
7167,3047,134640.8690185547
7168,2947,134640.8690185547
7169,3046,134640.8690185547
7170,2946,134640.8690185547
7171,2948,134640.8690185547
7172,2945,134640.8690185547
7173,3147,134640.8690185547
7174,3148,134640.8690185547
7175,2847,134634.21740722656
7176,2848,134567.24731445312
7177,564,134485.69482421875
7178,1679,134464.59912109375
7179,6724,134450.28344726562
7180,1670,134437.4337158203
7181,1543,134403.82720947266
7182,9830,134220.06091308594
7183,2705,134213.87841796875
7184,4808,134152.23486328125
7185,7332,134147.7548828125
7186,2408,134139.60986328125
7187,5702,133834.70532226562
7188,1476,133736.78674316406
7189,1572,133445.00659179688
7190,1671,133440.58056640625
7191,2556,133388.48474121094
7192,1474,133289.47338867188
7193,9539,133259.53466796875
7194,6092,133102.20092773438
7195,9932,133082.96520996094
7196,6118,133079.71423339844
7197,3993,133025.4443359375
7198,5840,133019.55059814453
7199,1371,132939.17724609375
7200,1542,132897.83041381836
7201,3722,132842.91528320312
7202,2749,132739.8487548828
7203,1643,132727.66806030273
7204,1644,132703.39682006836
7205,1745,132700.9225769043
7206,1744,132693.11166381836
7207,1845,132693.11166381836
7208,4187,132673.54357910156
7209,2164,132580.14782714844
7210,2308,132577.21166992188
7211,372,132453.7041015625
7212,9931,132319.06091308594
7213,1970,132215.69201660156
7214,1870,132187.85217285156
7215,9933,132037.62463378906
7216,8864,131927.71215820312
7217,4513,131894.5203857422
7218,4312,131894.5203857422
7219,4511,131894.5203857422
7220,4313,131894.5203857422
7221,4612,131894.5203857422
7222,5903,131851.8074951172
7223,4411,131823.29528808594
7224,4512,131817.56280517578
7225,4311,131803.0770263672
7226,4611,131714.40295410156
7227,4711,131712.85693359375
7228,4413,131663.6494140625
7229,4412,131663.6494140625
7230,1976,131497.01489257812
7231,4707,131432.00122070312
7232,471,131363.18103027344
7233,9930,131333.8026123047
7234,9928,131289.2159423828
7235,9929,131289.2159423828
7236,6136,131211.07775878906
7237,2473,131191.61401367188
7238,1579,131112.04028320312
7239,1770,131065.55322265625
7240,4710,130976.82531738281
7241,8327,130859.91046142578
7242,1574,130781.55139160156
7243,2171,130762.70373535156
7244,4410,130757.34167480469
7245,2748,130747.69458007812
7246,4188,130666.13952636719
7247,2175,130657.48181152344
7248,2067,130552.95336914062
7249,2208,130448.49877929688
7250,2807,130386.58923339844
7251,1575,130349.26135253906
7252,2648,130263.61108398438
7253,2548,130263.61108398438
7254,2549,130263.61108398438
7255,2649,130263.61108398438
7256,4118,130031.52380371094
7257,2708,129954.64831542969
7258,6700,129940.57397460938
7259,1969,129934.14575195312
7260,2068,129934.14575195312
7261,1967,129934.14575195312
7262,1868,129934.14575195312
7263,1869,129934.14575195312
7264,1968,129934.14575195312
7265,1767,129925.80773925781
7266,1867,129912.87353515625
7267,1769,129904.53466796875
7268,2275,129882.04174804688
7269,6437,129866.49682617188
7270,468,129865.87170410156
7271,1667,129853.67016601562
7272,4510,129843.65698242188
7273,4809,129770.66528320312
7274,1768,129726.42578125
7275,2070,129583.00415039062
7276,6004,129553.53601074219
7277,165,129546.12072753906
7278,2069,129541.65466308594
7279,9629,129337.52911376953
7280,4186,129219.3525390625
7281,863,129094.4921875
7282,1972,128846.97375488281
7283,5584,128793.85327148438
7284,6489,128734.51568603516
7285,9911,128707.64111328125
7286,899,128635.32373046875
7287,9831,128611.95568847656
7288,1484,128380.15368652344
7289,9934,128265.18237304688
7290,2509,128182.86962890625
7291,3361,128129.84497070312
7292,2808,128103.91583251953
7293,6112,127950.48950195312
7294,6212,127844.5659790039
7295,4708,127792.5595703125
7296,2709,127644.29553222656
7297,2071,127642.95715332031
7298,2773,127563.65014648438
7299,7201,127538.87341308594
7300,6721,127530.50842285156
7301,6309,127367.81616210938
7302,464,127002.09094238281
7303,8026,126989.57777404785
7304,6514,126971.76184082031
7305,667,126886.10400390625
7306,2926,126878.83532714844
7307,2472,126806.75720214844
7308,5176,126788.86260986328
7309,6302,126773.37084960938
7310,1815,126657.96911621094
7311,1915,126657.96911621094
7312,6909,126402.03552246094
7313,3262,126264.84094238281
7314,2058,126230.37939453125
7315,9829,126219.21203613281
7316,3246,126172.08874511719
7317,6310,126038.65393066406
7318,55,126017.17553710938
7319,1478,125762.78039550781
7320,1668,125757.64050292969
7321,66,125731.45178222656
7322,2609,125716.14184570312
7323,2267,125679.53247070312
7324,4414,125524.77172851562
7325,3124,125524.22058105469
7326,2907,125434.81530761719
7327,2121,125237.46484375
7328,6517,125166.29650878906
7329,5075,125151.56441497803
7330,6237,125133.49987792969
7331,7000,125064.25732421875
7332,1866,125013.86889648438
7333,1766,125013.86889648438
7334,1966,125013.86889648438
7335,6910,124943.46020507812
7336,1666,124869.96789550781
7337,4509,124762.27258300781
7338,1473,124703.85510253906
7339,6409,124674.18627929688
7340,3045,124595.22509765625
7341,1263,124493.2626953125
7342,2625,124389.72644042969
7343,7532,124375.23669433594
7344,2108,124288.13012695312
7345,735,124281.92980957031
7346,9729,124130.64074707031
7347,171,124112.03771972656
7348,65,124087.59130859375
7349,4310,124003.94165039062
7350,5790,123830.97399902344
7351,6629,123768.591796875
7352,1781,123756.001953125
7353,174,123731.92932128906
7354,7826,123694.81175231934
7355,272,123653.90075683594
7356,8779,123635.83752441406
7357,1372,123592.66149902344
7358,50,123587.91564941406
7359,4314,123539.88342285156
7360,9736,123461.1708984375
7361,9503,123416.73681640625
7362,6236,123373.29406738281
7363,1472,123257.29626464844
7364,570,123206.8212890625
7365,6222,123187.00695800781
7366,6312,123168.37182617188
7367,668,123126.326171875
7368,8700,122981.90576171875
7369,5841,122944.79125976562
7370,7118,122923.2294921875
7371,9828,122796.19262695312
7372,6135,122736.11828613281
7373,2523,122735.29315185547
7374,175,122623.41198730469
7375,276,122623.41198730469
7376,274,122623.41198730469
7377,375,122623.41198730469
7378,176,122623.41198730469
7379,177,122623.41198730469
7380,179,122623.41198730469
7381,75,122623.41198730469
7382,279,122623.41198730469
7383,79,122623.41198730469
7384,275,122623.41198730469
7385,178,122623.41198730469
7386,374,122623.41198730469
7387,77,122623.41198730469
7388,76,122623.41198730469
7389,378,122623.41198730469
7390,278,122623.41198730469
7391,78,122623.41198730469
7392,273,122623.35620117188
7393,376,122617.00231933594
7394,373,122609.50366210938
7395,1287,122587.01104736328
7396,74,122575.51586914062
7397,173,122558.1142578125
7398,172,122514.80822753906
7399,1373,122432.42565917969
7400,7925,122385.7038269043
7401,4489,122320.95568847656
7402,6012,122312.38397216797
7403,2906,122284.68395996094
7404,9430,122246.9833984375
7405,4485,122238.78576660156
7406,9614,122071.18725585938
7407,379,122012.10900878906
7408,4288,122002.43798828125
7409,2014,122000.90393066406
7410,73,121999.03283691406
7411,6311,121972.45867919922
7412,6509,121947.18481445312
7413,2912,121783.04479980469
7414,3821,121781.35388183594
7415,6235,121764.88684082031
7416,9529,121551.83215332031
7417,4389,121521.5693359375
7418,960,121439.40942382812
7419,3920,121397.13073730469
7420,4289,121376.52844238281
7421,1874,121368.75769042969
7422,2411,121267.78503417969
7423,9636,121121.48840332031
7424,277,121114.86987304688
7425,300,121089.8130768966
7426,4488,121069.89709472656
7427,98,121044.44780004025
7428,4787,121036.50476074219
7429,1272,121020.49658203125
7430,299,121005.52142396569
7431,200,120998.43188539147
7432,198,120997.58166566491
7433,297,120997.58166566491
7434,94,120997.58166566491
7435,199,120997.58166566491
7436,197,120997.58166566491
7437,95,120997.58166566491
7438,195,120997.58166566491
7439,97,120997.58166566491
7440,99,120997.58166566491
7441,96,120997.58166566491
7442,296,120997.58166566491
7443,196,120997.58166566491
7444,298,120997.58166566491
7445,100,120992.97058168054
7446,9333,120815.68408203125
7447,4409,120782.48327636719
7448,5842,120759.64953613281
7449,568,120681.623046875
7450,1873,120632.30676269531
7451,2077,120527.2685546875
7452,2034,120459.91137695312
7453,7432,120444.42150878906
7454,4386,120430.56115722656
7455,1436,120327.66442871094
7456,3125,120163.91442871094
7457,4810,120129.04309082031
7458,4589,120057.01538085938
7459,4388,120046.05627441406
7460,2012,120026.18872070312
7461,2010,120026.18872070312
7462,1912,120026.18872070312
7463,2212,120026.18872070312
7464,2110,120026.18872070312
7465,5116,120005.16040039062
7466,6208,119911.23034667969
7467,6435,119908.36315917969
7468,2013,119884.912109375
7469,4487,119754.26501464844
7470,9915,119741.35656738281
7471,569,119715.90112304688
7472,2811,119710.09997558594
7473,9730,119709.80865478516
7474,6989,119636.85192871094
7475,3126,119632.97644042969
7476,6614,119617.42163085938
7477,2112,119579.03662109375
7478,1383,119474.88842773438
7479,2111,119429.00524902344
7480,4387,119396.88708496094
7481,4514,119360.22448730469
7482,2211,119222.21838378906
7483,397,119192.0679139276
7484,712,119111.86669921875
7485,7926,118972.13871765137
7486,396,118944.12198400497
7487,2009,118875.14733886719
7488,2676,118848.45422363281
7489,2518,118739.97326660156
7490,2772,118727.41650390625
7491,2011,118662.43200683594
7492,2944,118588.056640625
7493,6408,118557.04760742188
7494,2627,118516.54858398438
7495,7529,118343.26934814453
7496,6608,118245.9375
7497,6911,118241.51965332031
7498,9938,118206.236328125
7499,2712,118111.82556152344
7500,6508,118101.98376464844
7501,6207,118101.98376464844
7502,6307,118101.98376464844
7503,6206,118101.98376464844
7504,6308,118101.98376464844
7505,2526,118052.22833251953
7506,2109,118045.83276367188
7507,6306,118029.51989746094
7508,2511,117942.47259521484
7509,144,117841.88098144531
7510,1374,117794.14086914062
7511,4286,117518.33251953125
7512,4287,117518.33251953125
7513,5196,117514.87158203125
7514,1376,117489.37719726562
7515,5791,117380.52014160156
7516,6410,117376.80810546875
7517,7331,117376.23181152344
7518,2312,117369.00415039062
7519,9832,117345.24401855469
7520,180,117326.81530761719
7521,2524,117287.94445800781
7522,5912,117225.19494628906
7523,5383,117188.72436523438
7524,6407,117101.60668945312
7525,1814,116983.79711914062
7526,1483,116944.69689941406
7527,5733,116932.31530761719
7528,996,116906.61053466797
7529,4807,116901.48828125
7530,1680,116899.87756347656
7531,2180,116899.59814453125
7532,2409,116849.6689453125
7533,4610,116819.62707519531
7534,1234,116806.81982421875
7535,860,116737.77563476562
7536,1911,116532.76879882812
7537,7016,116417.11724853516
7538,2404,116409.29455566406
7539,5187,116387.40716552734
7540,4486,116373.17224121094
7541,2210,116363.26318359375
7542,474,116192.9892578125
7543,2398,116107.87976074219
7544,4613,116080.43933105469
7545,6436,116066.95007324219
7546,6337,116062.29223632812
7547,6336,116062.29223632812
7548,6211,116003.58282470703
7549,54,115980.53369140625
7550,9431,115976.09552001953
7551,5076,115954.01219892502
7552,6334,115864.29541015625
7553,398,115769.17188750347
7554,561,115754.63684082031
7555,6725,115636.15173339844
7556,444,115564.78527832031
7557,2113,115517.51916503906
7558,2510,115463.88256835938
7559,6335,115456.89392089844
7560,3224,115445.67333984375
7561,2310,115434.04699707031
7562,4909,115291.97399902344
7563,3721,115170.07775878906
7564,3712,115064.31799316406
7565,2311,115048.13977050781
7566,8025,115036.28887939453
7567,2422,115027.75146484375
7568,2209,114974.00366210938
7569,9435,114937.71154785156
7570,6411,114863.990234375
7571,2703,114760.28015136719
7572,2309,114706.70825195312
7573,9432,114611.625
7574,9532,114584.53979492188
7575,9530,114581.70977783203
7576,9533,114581.70977783203
7577,9731,114581.70977783203
7578,9833,114581.70977783203
7579,9732,114581.70977783203
7580,9733,114581.70977783203
7581,9834,114581.70977783203
7582,9633,114581.70977783203
7583,9734,114581.70977783203
7584,9630,114581.70977783203
7585,9632,114581.70977783203
7586,9531,114580.47692871094
7587,9631,114578.31530761719
7588,9334,114578.31530761719
7589,9433,114567.83917236328
7590,9634,114564.88342285156
7591,9434,114564.78405761719
7592,9635,114555.3759765625
7593,9735,114550.56451416016
7594,9534,114538.0336303711
7595,4712,114411.84399414062
7596,475,114368.4453125
7597,6111,114295.56768798828
7598,2710,114180.45281982422
7599,5185,114111.75720214844
7600,6209,114091.89013671875
7601,2015,114001.80346679688
7602,1395,113955.42028808594
7603,6829,113762.19458007812
7604,2809,113550.37408447266
7605,3557,113502.9965209961
7606,6507,113439.65588378906
7607,364,113412.94860839844
7608,781,113339.34912109375
7609,762,113313.93603515625
7610,5792,113292.52996826172
7611,2723,113045.24267578125
7612,1475,113041.10729980469
7613,5430,113038.61657714844
7614,7122,112901.04968261719
7615,859,112623.41381835938
7616,5213,112465.45397949219
7617,1464,112362.58630371094
7618,3820,112339.93493652344
7619,3619,112286.57287597656
7620,4975,112285.82266807556
7621,1898,112234.76123046875
7622,782,112169.89733886719
7623,4515,112115.63098144531
7624,2163,112103.07775878906
7625,4117,112101.92785644531
7626,6425,112092.29724121094
7627,4616,112031.59912109375
7628,6210,112030.11462402344
7629,4516,112020.07189941406
7630,4216,112019.62719726562
7631,4317,112019.62719726562
7632,4315,112019.62719726562
7633,4517,112019.62719726562
7634,4518,112019.62719726562
7635,4417,112019.62719726562
7636,4316,112019.62719726562
7637,4416,112019.62719726562
7638,4619,112019.62719726562
7639,4618,112019.62719726562
7640,4617,112019.62719726562
7641,4719,112019.62719726562
7642,4415,112019.62719726562
7643,4718,112019.62719726562
7644,4217,112019.62719726562
7645,4588,111999.02075195312
7646,4688,111990.11755371094
7647,1261,111843.80395507812
7648,2629,111806.40789794922
7649,4717,111642.4111328125
7650,9535,111617.59973144531
7651,8879,111528.10363769531
7652,4684,111459.79553222656
7653,4685,111459.79553222656
7654,4686,111459.79553222656
7655,4687,111459.79553222656
7656,4586,111459.79553222656
7657,4587,111459.79553222656
7658,4584,111459.79553222656
7659,4585,111459.79553222656
7660,4785,111459.79553222656
7661,4786,111459.79553222656
7662,8125,111166.51959228516
7663,5621,111144.68939208984
7664,295,110975.00513267517
7665,2771,110748.43591308594
7666,6017,110571.30249023438
7667,3114,110552.93493652344
7668,536,110368.46740722656
7669,6117,110256.3901977539
7670,2168,110145.17309570312
7671,80,110143.06457519531
7672,2961,110141.41540527344
7673,1382,110098.9013671875
7674,2319,110097.82434082031
7675,4211,110073.31176757812
7676,1913,110032.41381835938
7677,6011,109996.32580566406
7678,6423,109978.015625
7679,9538,109965.00793457031
7680,6622,109956.09088134766
7681,2412,109951.56256103516
7682,6914,109916.62268066406
7683,6522,109771.5556640625
7684,4116,109675.33020019531
7685,2410,109651.03100585938
7686,479,109626.68969726562
7687,343,109578.63024902344
7688,3641,109370.24731445312
7689,2213,109137.44006347656
7690,959,109083.88122558594
7691,473,109015.31530761719
7692,476,108972.25378417969
7693,2861,108958.04345703125
7694,4709,108859.48181152344
7695,5812,108804.64123535156
7696,6406,108656.42993164062
7697,6424,108628.27526855469
7698,9308,108555.21081542969
7699,882,108533.25219726562
7700,2725,108513.4887084961
7701,3521,108397.3232421875
7702,242,108265.09771728516
7703,6234,108257.85278320312
7704,883,108234.86047363281
7705,5917,108217.82177734375
7706,2162,108171.55712890625
7707,4400,108164.54748535156
7708,6018,108151.79650878906
7709,1072,108081.93896484375
7710,56,107975.48999023438
7711,4017,107903.53833007812
7712,6205,107833.73681640625
7713,3621,107833.01025390625
7714,3720,107796.41650390625
7715,3819,107780.818359375
7716,3620,107780.818359375
7717,3520,107780.818359375
7718,3719,107780.818359375
7719,1813,107755.7900390625
7720,2770,107714.38269042969
7721,6109,107711.36193847656
7722,5585,107698.47375488281
7723,6412,107640.93048095703
7724,2133,107612.7900390625
7725,52,107600.56030273438
7726,6524,107592.66271972656
7727,763,107561.41552734375
7728,7429,107458.21484375
7729,6010,107452.76452636719
7730,5910,107444.57788085938
7731,5911,107444.57788085938
7732,4215,107404.39306640625
7733,5811,107393.56909179688
7734,5823,107367.1459350586
7735,6523,107345.39599609375
7736,669,107330.44836425781
7737,6110,107109.29858398438
7738,8426,107030.4267578125
7739,5711,107005.34045410156
7740,2321,106830.75219726562
7741,5813,106807.21270751953
7742,5916,106774.73596191406
7743,2925,106765.75341796875
7744,6525,106726.50299072266
7745,7531,106713.42492675781
7746,7430,106711.89642333984
7747,7431,106711.89642333984
7748,7530,106711.89642333984
7749,2610,106530.84576416016
7750,8400,106468.17346191406
7751,6526,106435.81787109375
7752,9536,106313.15808105469
7753,6625,106213.91479492188
7754,6626,106213.91479492188
7755,6624,106213.91479492188
7756,3008,106197.4072265625
7757,6623,106158.6693725586
7758,6192,106143.83123779297
7759,1262,106014.16760253906
7760,3061,105956.87561035156
7761,2623,105809.45935058594
7762,72,105715.52600097656
7763,6889,105458.05255126953
7764,9812,105344.94226074219
7765,2624,105275.88067626953
7766,5017,105114.26733398438
7767,9637,105002.39733886719
7768,2810,104897.68115234375
7769,5588,104826.4091796875
7770,280,104790.00573730469
7771,337,104710.208984375
7772,472,104685.86279296875
7773,571,104557.12866210938
7774,2512,104446.63775634766
7775,4305,104390.53454589844
7776,2479,104295.88592529297
7777,2724,104231.9677734375
7778,5484,104217.11492919922
7779,9835,104184.76190185547
7780,6609,104164.78076171875
7781,2825,104116.04412841797
7782,51,104067.57824707031
7783,2418,104011.65954589844
7784,5712,103865.05322265625
7785,6912,103852.59979248047
7786,53,103821.21374511719
7787,478,103620.05505371094
7788,3060,103581.62927246094
7789,3161,103575.38916015625
7790,3261,103575.38916015625
7791,3260,103575.38916015625
7792,3160,103575.38916015625
7793,4508,103498.56091308594
7794,1273,103488.810546875
7795,239,103378.31481933594
7796,4205,103360.41540527344
7797,5438,103162.16711425781
7798,2612,103101.55743408203
7799,1375,103026.84411621094
7800,2562,102831.13012695312
7801,1377,102741.05676269531
7802,9411,102730.4853515625
7803,2271,102604.50024414062
7804,3919,102550.57080078125
7805,1859,102464.69665527344
7806,7119,102425.7543334961
7807,1335,102227.00610351562
7808,1076,102204.34155273438
7809,6426,102169.95501708984
7810,2611,102136.34161376953
7811,2711,102069.24249267578
7812,9305,102028.99621582031
7813,2578,101969.21063232422
7814,1173,101943.24719238281
7815,2233,101886.83715820312
7816,6722,101790.09490966797
7817,4105,101741.42443847656
7818,1816,101729.77282714844
7819,1812,101704.04870605469
7820,2313,101669.98266601562
7821,1490,101658.64367675781
7822,399,101625.05664145947
7823,670,101606.15930175781
7824,4706,101546.3056640625
7825,6709,101477.91577148438
7826,4306,101373.56079101562
7827,6315,101349.64233398438
7828,5195,101317.7844543457
7829,1174,101284.6937866211
7830,4206,101247.37512207031
7831,2824,101131.55578613281
7832,4407,101053.36279296875
7833,4204,101024.54870605469
7834,477,101016.72717285156
7835,1714,101013.84594726562
7836,4893,101007.01177978516
7837,1172,100926.06335449219
7838,5722,100906.74505615234
7839,5816,100778.73931884766
7840,4309,100566.85217285156
7841,6822,100418.2593383789
7842,5485,100389.91748046875
7843,4106,100219.86474609375
7844,6915,99953.84686279297
7845,2617,99946.4150390625
7846,2909,99945.63775634766
7847,4018,99877.203125
7848,5701,99809.95446777344
7849,2414,99673.58178710938
7850,6510,99659.54553222656
7851,5587,99631.80932617188
7852,2008,99610.80798339844
7853,6817,99584.44537353516
7854,6918,99584.44537353516
7855,6917,99584.44537353516
7856,6916,99584.44537353516
7857,4005,99483.02966308594
7858,6818,99437.31726074219
7859,2615,99336.26147460938
7860,2960,99317.26770019531
7861,344,99300.25732421875
7862,4210,99294.57922363281
7863,2218,99237.986328125
7864,2416,99216.08459472656
7865,2214,99216.08459472656
7866,2116,99216.08459472656
7867,2318,99216.08459472656
7868,2216,99216.08459472656
7869,2315,99216.08459472656
7870,2314,99216.08459472656
7871,2115,99216.08459472656
7872,2316,99216.08459472656
7873,2215,99216.08459472656
7874,2017,99216.08459472656
7875,2317,99216.08459472656
7876,2516,99202.38916015625
7877,2417,99104.53588867188
7878,2114,99094.43774414062
7879,2517,99086.8232421875
7880,4104,99003.5458984375
7881,4504,98895.08892822266
7882,3806,98895.0888671875
7883,4304,98895.0888671875
7884,3707,98895.0888671875
7885,4405,98895.0888671875
7886,4505,98895.0888671875
7887,3807,98895.0888671875
7888,4404,98895.0888671875
7889,3808,98890.04418945312
7890,4605,98861.09704589844
7891,3906,98792.98510742188
7892,3708,98791.7265625
7893,4107,98770.07897949219
7894,3908,98764.97961425781
7895,4109,98756.27014160156
7896,2217,98755.24743652344
7897,3905,98707.9736328125
7898,6816,98699.30279541016
7899,9537,98694.18676757812
7900,3907,98607.97033691406
7901,4108,98600.62036132812
7902,4209,98544.79125976562
7903,4408,98500.23913574219
7904,6819,98498.4956665039
7905,5741,98497.61413574219
7906,677,98399.82385253906
7907,4008,98398.31567382812
7908,2616,98335.66784667969
7909,2119,98266.31994628906
7910,7018,98237.84967041016
7911,2513,98234.23754882812
7912,4007,98112.99499511719
7913,70,98104.18359375
7914,380,98102.37878417969
7915,4773,98069.0920252949
7916,578,98030.27001953125
7917,1275,97990.70349121094
7918,4203,97936.53540039062
7919,2515,97901.04663085938
7920,1274,97810.47967529297
7921,1175,97796.38104248047
7922,4606,97774.75695800781
7923,1910,97702.65698242188
7924,577,97663.55114746094
7925,3909,97663.18981933594
7926,4208,97627.80517578125
7927,4308,97616.52709960938
7928,2415,97580.79614257812
7929,4006,97554.93566894531
7930,4307,97554.00183105469
7931,6009,97517.16375732422
7932,6016,97399.56909179688
7933,6106,97366.71301269531
7934,6809,97350.59161376953
7935,576,97297.53149414062
7936,3145,97277.31213378906
7937,2018,97250.75109863281
7938,4406,97178.09631347656
7939,264,97163.68688964844
7940,4375,97119.42587280273
7941,6919,97090.3314819336
7942,4110,97063.58447265625
7943,579,96923.37414550781
7944,9935,96904.65118408203
7945,2425,96894.02001953125
7946,7017,96870.62762451172
7947,2118,96853.01293945312
7948,2106,96719.82434082031
7949,1580,96597.39013671875
7950,4009,96572.64196777344
7951,2613,96570.79602050781
7952,1482,96553.02319335938
7953,2219,96473.34777832031
7954,2904,96438.76696777344
7955,3025,96423.36877441406
7956,1389,96276.65496826172
7957,4303,96171.38562011719
7958,7002,96164.71997070312
7959,6104,96161.21264648438
7960,4506,96074.38647460938
7961,4212,95985.21240234375
7962,5827,95960.90270996094
7963,5828,95924.55200195312
7964,459,95851.28900146484
7965,1539,95844.47198486328
7966,5288,95830.64819335938
7967,8401,95826.94970703125
7968,5824,95821.44171142578
7969,8500,95815.8226928711
7970,8600,95805.87176513672
7971,2529,95786.88412475586
7972,5803,95686.8369140625
7973,896,95674.03625488281
7974,6710,95619.90826416016
7975,678,95586.57836914062
7976,4599,95514.16198730469
7977,5586,95483.10345458984
7978,3006,95430.51989746094
7979,4207,95358.12683105469
7980,5727,95290.32958984375
7981,4274,95236.40245056152
7982,6289,95196.24531555176
7983,5918,95174.423828125
7984,3410,95094.9580078125
7985,6120,94967.96911621094
7986,2514,94923.91015625
7987,305,94904.64172363281
7988,1074,94897.97589111328
7989,6607,94848.45495605469
7990,5294,94826.17166137695
7991,2375,94807.62109375
7992,9404,94738.37097167969
7993,461,94729.39562988281
7994,5928,94727.56323242188
7995,6105,94478.19165039062
7996,304,94462.94677734375
7997,975,94436.22277832031
7998,3706,94434.5478515625
7999,460,94422.63208007812
8000,245,94368.64739990234
8001,306,94357.66479492188
8002,5913,94107.72277832031
8003,2614,94075.87915039062
8004,2413,94017.59057617188
8005,307,93933.88244628906
8006,4608,93918.71691894531
8007,572,93909.58740234375
8008,2380,93890.16485595703
8009,2478,93850.26763916016
8010,2280,93791.25793457031
8011,2379,93791.25793457031
8012,308,93790.79846191406
8013,205,93772.85229492188
8014,203,93769.03918457031
8015,7,93768.32995605469
8016,9,93768.32995605469
8017,107,93768.32995605469
8018,109,93768.32995605469
8019,108,93768.32995605469
8020,207,93768.32995605469
8021,208,93768.32995605469
8022,204,93768.32995605469
8023,3,93768.32995605469
8024,6,93768.32995605469
8025,206,93768.32995605469
8026,8,93768.32995605469
8027,103,93768.32995605469
8028,105,93768.32995605469
8029,209,93768.32995605469
8030,309,93768.32995605469
8031,104,93768.32995605469
8032,106,93768.32995605469
8033,2278,93763.10467529297
8034,3805,93692.1435546875
8035,3007,93683.41198730469
8036,2178,93671.91876220703
8037,2279,93666.42401123047
8038,671,93666.13391113281
8039,6116,93621.6802368164
8040,2179,93608.27728271484
8041,201,93525.56335449219
8042,4604,93372.55541992188
8043,2,93368.388671875
8044,3809,93351.94372558594
8045,101,93173.61865234375
8046,1,92992.66613769531
8047,194,92898.40268707275
8048,2571,92876.44409179688
8049,5487,92832.31475830078
8050,5101,92814.00634765625
8051,1073,92776.22900390625
8052,1284,92719.71179199219
8053,4812,92690.6318359375
8054,1627,92673.16870117188
8055,4004,92581.78405761719
8056,2378,92434.56768798828
8057,71,92244.23291015625
8058,6108,92134.94787597656
8059,1460,92120.47216796875
8060,3409,92114.91003417969
8061,6113,91984.69323730469
8062,303,91941.41088867188
8063,4,91904.38232421875
8064,7120,91816.46704101562
8065,776,91815.619140625
8066,3314,91665.46032714844
8067,5488,91626.19537353516
8068,3608,91482.57586669922
8069,2910,91458.9228515625
8070,6107,91403.05236816406
8071,3043,91345.81237792969
8072,8764,91182.4077758789
8073,143,91121.3515625
8074,5728,90908.15643310547
8075,3211,90828.5263671875
8076,142,90580.62329101562
8077,244,90580.62329101562
8078,6305,90501.78479003906
8079,1360,90410.46673583984
8080,6512,90381.51745605469
8081,5384,90319.91775512695
8082,58,90094.81616210938
8083,9839,90061.14453125
8084,202,90037.26428222656
8085,5402,89985.32067871094
8086,5502,89985.32067871094
8087,5501,89985.32067871094
8088,5602,89985.32067871094
8089,5601,89985.32067871094
8090,5486,89879.85430908203
8091,7001,89860.27465820312
8092,6019,89794.56604003906
8093,1033,89764.53833007812
8094,2117,89653.7265625
8095,4475,89577.94143676758
8096,5186,89577.91088867188
8097,5286,89568.8021850586
8098,5387,89568.8021850586
8099,6704,89551.91174316406
8100,5993,89535.70104980469
8101,4615,89524.37170410156
8102,6903,89520.21472167969
8103,6803,89520.21472167969
8104,6804,89520.21472167969
8105,6703,89496.35375976562
8106,6902,89482.90808105469
8107,3310,89452.13366699219
8108,5386,89431.69250488281
8109,5385,89415.22296142578
8110,783,89386.095703125
8111,4716,89370.95031738281
8112,302,89286.46081542969
8113,6820,89282.43933105469
8114,9913,89267.46075439453
8115,6414,89158.94061279297
8116,2911,89056.44543457031
8117,2277,89034.13177490234
8118,4817,89016.32006835938
8119,2669,88968.25439453125
8120,9737,88920.38403320312
8121,5889,88917.12615966797
8122,3215,88862.36157226562
8123,2430,88859.15246582031
8124,563,88760.56372070312
8125,57,88677.8515625
8126,2908,88581.6362915039
8127,3309,88560.271484375
8128,3108,88555.24536132812
8129,3109,88555.24536132812
8130,3210,88555.24536132812
8131,3010,88555.24536132812
8132,3011,88555.24536132812
8133,3107,88555.24536132812
8134,3110,88555.24536132812
8135,3308,88555.24536132812
8136,3009,88555.24536132812
8137,3209,88555.24536132812
8138,3208,88555.24536132812
8139,3111,88551.52722167969
8140,6802,88545.72155761719
8141,5817,88361.01287841797
8142,360,88360.02563476562
8143,158,88349.44995117188
8144,983,88340.19226074219
8145,3012,88326.09643554688
8146,2177,88309.1713256836
8147,3214,88295.11169433594
8148,3408,88289.34582519531
8149,3112,88269.68737792969
8150,676,88190.59826660156
8151,2433,88137.85302734375
8152,6333,88127.9066772461
8153,42,88116.6187133789
8154,5287,88099.10443115234
8155,1479,88090.97985839844
8156,7019,88082.95336914062
8157,5529,88080.86224365234
8158,3213,88028.11108398438
8159,4373,87997.12348175049
8160,931,87951.56567382812
8161,4908,87820.77856445312
8162,310,87819.00109863281
8163,575,87763.09210205078
8164,141,87677.59997558594
8165,663,87655.38415527344
8166,6815,87652.08795166016
8167,3113,87622.55285644531
8168,3512,87557.34057617188
8169,3212,87514.84411621094
8170,3013,87486.36389160156
8171,1581,87481.21020507812
8172,5201,87456.60021972656
8173,6013,87447.10833740234
8174,7101,87401.37194824219
8175,9939,87375.51806640625
8176,9738,87375.51806640625
8177,9838,87375.51806640625
8178,9940,87375.51806640625
8179,881,87340.38842773438
8180,2304,87317.33764648438
8181,2261,87224.36743164062
8182,2161,87205.01452636719
8183,3207,87064.12817382812
8184,5810,86999.32196044922
8185,462,86980.2886352539
8186,9837,86905.31176757812
8187,5927,86820.6069946289
8188,1391,86638.54113769531
8189,358,86571.14233398438
8190,1681,86509.64971923828
8191,1283,86476.76684570312
8192,933,86460.31921386719
8193,4713,86345.92553710938
8194,2220,86316.56610107422
8195,5829,86256.23803710938
8196,681,86160.98034667969
8197,3542,86087.9521484375
8198,243,86085.58569335938
8199,5826,85923.68560791016
8200,2176,85903.2333984375
8201,1363,85874.2973022461
8202,4698,85848.74475097656
8203,5890,85807.73468017578
8204,1959,85803.70629882812
8205,9914,85761.16778564453
8206,5891,85720.15734863281
8207,1392,85718.93811035156
8208,1811,85697.97485351562
8209,573,85697.93255615234
8210,1291,85668.212890625
8211,4609,85650.94024658203
8212,5014,85650.94024658203
8213,6213,85532.50561523438
8214,361,85443.0267944336
8215,1390,85399.47387695312
8216,400,85372.73756551743
8217,5401,85364.8818359375
8218,59,85229.41998291016
8219,1096,85169.5532836914
8220,1909,85112.33526611328
8221,6511,85095.52166748047
8222,6705,85015.34790039062
8223,662,84939.74877929688
8224,1292,84927.19458007812
8225,4813,84852.43859863281
8226,6506,84793.81640625
8227,4403,84787.99517822266
8228,1582,84782.74713134766
8229,1434,84659.1923828125
8230,1276,84654.78796386719
8231,6930,84650.57196044922
8232,2333,84621.63830566406
8233,6529,84582.82525634766
8234,6035,84388.28131103516
8235,1682,84377.66516113281
8236,5432,84358.99206542969
8237,5830,84284.20727539062
8238,4500,84142.044921875
8239,4917,84139.73760986328
8240,4103,84127.62042236328
8241,5302,84097.24340820312
8242,5388,83987.9714050293
8243,4607,83869.53930664062
8244,5611,83768.11596679688
8245,4673,83695.46581053734
8246,834,83677.40209960938
8247,102,83665.57482910156
8248,5,83630.697265625
8249,7701,83602.53173828125
8250,6920,83529.62506103516
8251,5016,83514.63153076172
8252,6830,83486.3369140625
8253,6931,83485.99926757812
8254,974,83456.90795898438
8255,672,83456.90795898438
8256,675,83456.90795898438
8257,775,83456.90795898438
8258,774,83456.90795898438
8259,873,83456.90795898438
8260,674,83456.90795898438
8261,973,83456.90795898438
8262,875,83456.90795898438
8263,874,83456.90795898438
8264,673,83456.90795898438
8265,773,83456.90795898438
8266,772,83456.90795898438
8267,872,83456.90795898438
8268,972,83436.30279541016
8269,1636,83426.82019042969
8270,463,83346.11346435547
8271,4913,83328.78759765625
8272,562,83269.5849609375
8273,574,83240.62536621094
8274,4600,83156.1725769043
8275,4800,83155.07513427734
8276,4700,83133.1978149414
8277,4900,83130.55755615234
8278,4699,83107.46179199219
8279,4910,83086.08911132812
8280,5532,83003.08947753906
8281,5530,83003.08947753906
8282,5731,83003.08947753906
8283,5531,83003.08947753906
8284,5630,83003.08947753906
8285,5632,83003.08947753906
8286,5631,83003.08947753906
8287,5629,83003.07666015625
8288,5730,83002.80969238281
8289,5729,83002.71423339844
8290,2076,82980.45416259766
8291,5211,82934.3793334961
8292,5013,82881.07446289062
8293,5113,82865.5308227539
8294,41,82846.81378173828
8295,1713,82836.12078857422
8296,5431,82720.69067382812
8297,1393,82708.68389892578
8298,2377,82666.77526855469
8299,5915,82655.70422363281
8300,64,82645.96936035156
8301,5111,82643.51940917969
8302,4794,82598.04479980469
8303,9836,82558.85815429688
8304,5301,82473.88427734375
8305,2169,82458.02819824219
8306,301,82411.24987792969
8307,6821,82324.51361083984
8308,6313,82235.53698730469
8309,4705,82207.03125
8310,1282,82071.77703857422
8311,33,82038.77722167969
8312,258,82021.5795288086
8313,4799,81882.45397949219
8314,6204,81869.91638183594
8315,4695,81815.90460205078
8316,6513,81775.47448730469
8317,480,81724.0078125
8318,3607,81686.17639160156
8319,5989,81676.4633178711
8320,6604,81665.19024658203
8321,157,81521.64111328125
8322,359,81299.22534179688
8323,795,81250.8091430664
8324,895,81249.52282714844
8325,777,81228.88317871094
8326,6606,81150.47430419922
8327,6304,81137.2973022461
8328,6605,81127.43780517578
8329,6505,81127.43780517578
8330,6404,81127.43780517578
8331,6503,81127.43780517578
8332,6504,81127.43780517578
8333,2170,81044.56530761719
8334,1196,81010.81384277344
8335,9601,81003.70654296875
8336,9638,80974.49578857422
8337,900,80881.49618530273
8338,6831,80842.49615478516
8339,2065,80799.25708007812
8340,6303,80787.76678466797
8341,6413,80732.96807861328
8342,5114,80634.19592285156
8343,2675,80588.91339111328
8344,7121,80579.01831054688
8345,6403,80544.15814208984
8346,683,80528.1572265625
8347,1481,80517.54095458984
8348,4507,80474.27001953125
8349,406,80425.59375
8350,1935,80344.12677001953
8351,5738,80291.82653808594
8352,5935,80290.62036132812
8353,2659,80169.10375976562
8354,6405,80154.91784667969
8355,6901,80130.98059082031
8356,6215,80062.91925048828
8357,584,80037.13940429688
8358,1810,80030.3671875
8359,1712,80030.3671875
8360,5939,80017.00317382812
8361,1710,80001.69384765625
8362,2603,79940.7153930664
8363,4914,79863.96618652344
8364,257,79720.6986694336
8365,5112,79672.07781982422
8366,4899,79622.11907958984
8367,6717,79547.37927246094
8368,5834,79396.32159423828
8369,3411,79361.04864501953
8370,2276,79226.38513183594
8371,4614,79224.01580810547
8372,6603,79061.13006591797
8373,362,78980.8696899414
8374,1183,78840.2124633789
8375,4697,78732.8569946289
8376,4696,78732.8569946289
8377,3313,78533.1361694336
8378,6015,78509.7529296875
8379,484,78399.99084472656
8380,1184,78334.9711303711
8381,1280,78197.32733154297
8382,6115,78187.63067626953
8383,5920,78127.73461914062
8384,3541,78082.64288330078
8385,260,77994.83349609375
8386,159,77989.99523925781
8387,160,77908.55206298828
8388,6134,77826.35821533203
8389,682,77820.27069091797
8390,259,77774.00207519531
8391,6612,77770.0601196289
8392,5929,77746.4638671875
8393,1182,77603.845703125
8394,4912,77496.21096801758
8395,5892,77433.57095336914
8396,385,77183.22778320312
8397,4814,77102.8369140625
8398,4714,77102.8369140625
8399,2761,77084.08111572266
8400,4916,77050.35052490234
8401,6921,77048.80157470703
8402,5285,76945.38497924805
8403,583,76935.07580566406
8404,407,76868.34545898438
8405,6014,76848.10119628906
8406,261,76724.08959960938
8407,2371,76602.83270263672
8408,5115,76546.66735839844
8409,7021,76374.24780273438
8410,1083,76340.92510986328
8411,60,76316.50268554688
8412,831,76255.716796875
8413,6114,76220.82427978516
8414,1281,76200.46459960938
8415,5097,76152.35107421875
8416,982,76108.23999023438
8417,3106,76080.60150146484
8418,6810,76044.52716064453
8419,2060,76028.6605834961
8420,2019,76026.73364257812
8421,7022,75904.4935913086
8422,6005,75882.95422363281
8423,4010,75691.15087890625
8424,9817,75657.24578857422
8425,6922,75608.92749023438
8426,1809,75578.56024169922
8427,6812,75545.23864746094
8428,4213,75527.90704345703
8429,9937,75464.69219970703
8430,5926,75463.23376464844
8431,5732,75370.23510742188
8432,34,75300.40881347656
8433,2568,75248.46606445312
8434,32,75161.88659667969
8435,4715,75161.8628540039
8436,4816,75161.8628540039
8437,4815,75161.8628540039
8438,6214,75141.23941040039
8439,1192,75067.0493774414
8440,2059,75060.23364257812
8441,1082,74965.13092041016
8442,6811,74956.53979492188
8443,634,74948.59423828125
8444,1181,74899.60723876953
8445,1917,74882.77349853516
8446,1081,74864.49102783203
8447,1279,74864.49102783203
8448,1277,74864.49102783203
8449,981,74864.49102783203
8450,1180,74864.49102783203
8451,1179,74864.49102783203
8452,1278,74864.49102783203
8453,1080,74864.08483886719
8454,4915,74861.44403076172
8455,1178,74840.50048828125
8456,1079,74815.91925048828
8457,6402,74805.65002441406
8458,3412,74745.40002441406
8459,4796,74597.42944335938
8460,4895,74597.42944335938
8461,5096,74597.42944335938
8462,4996,74597.42944335938
8463,4997,74597.42944335938
8464,4795,74597.42944335938
8465,4896,74597.42944335938
8466,4897,74594.71520996094
8467,4898,74592.23425292969
8468,4797,74587.71618652344
8469,4998,74584.13818359375
8470,4798,74542.46594238281
8471,5202,74503.140625
8472,534,74423.45837402344
8473,3709,74421.2974243164
8474,7020,74403.302734375
8475,6613,74370.4780883789
8476,980,74341.92645263672
8477,6610,74321.93908691406
8478,4995,74198.50006103516
8479,4774,74175.58764052391
8480,635,74132.83935546875
8481,9814,74121.9468383789
8482,6006,74121.25732421875
8483,880,74105.75787353516
8484,5919,74047.14306640625
8485,5814,74023.17193603516
8486,684,73967.8466796875
8487,979,73838.23596191406
8488,6712,73732.67663574219
8489,1535,73636.35559082031
8490,780,73615.2015991211
8491,5012,73556.64666748047
8492,232,73529.15759277344
8493,4894,73524.37005615234
8494,3345,73403.4966430664
8495,4214,73385.35607910156
8496,4374,73334.15136480331
8497,5837,73287.41278076172
8498,6616,73184.15969848633
8499,5990,73182.34069824219
8500,1176,73173.02954101562
8501,5713,73160.02404785156
8502,436,73025.91052246094
8503,2257,72941.26525878906
8504,1078,72869.53649902344
8505,93,72861.6566619873
8506,5618,72800.18170166016
8507,1378,72796.1265258789
8508,5914,72723.39324951172
8509,131,72710.31579589844
8510,5619,72659.96838378906
8511,5909,72618.64855957031
8512,6432,72571.83056640625
8513,6731,72551.52990722656
8514,3711,72448.29077148438
8515,5938,72391.34002685547
8516,2160,72368.79089355469
8517,4016,72302.20538330078
8518,238,72223.89129638672
8519,3026,72132.38525390625
8520,2803,72083.9096069336
8521,140,72029.43872070312
8522,408,71952.54052734375
8523,2860,71942.23046875
8524,4811,71935.98895263672
8525,1381,71835.70751953125
8526,3904,71815.88806152344
8527,533,71804.88507080078
8528,5095,71770.64422607422
8529,496,71755.30352020264
8530,5822,71735.05670166016
8531,497,71701.8121753931
8532,679,71685.5913696289
8533,5839,71600.12591552734
8534,1177,71583.18292236328
8535,3311,71576.32391357422
8536,1379,71423.7172241211
8537,1380,71171.75939941406
8538,164,71030.19982910156
8539,3044,70880.96533203125
8540,1480,70853.42517089844
8541,5194,70586.63500976562
8542,5515,70504.40057373047
8543,132,70479.49572753906
8544,6427,70449.87396240234
8545,39,70391.54711914062
8546,2470,70351.45135498047
8547,2370,70351.45135498047
8548,2471,70351.45135498047
8549,2270,70351.45135498047
8550,210,70283.24084472656
8551,377,70281.08544921875
8552,1362,70245.90026855469
8553,2232,70235.35095214844
8554,2431,70235.35095214844
8555,2332,70235.35095214844
8556,2331,70235.35095214844
8557,2432,70235.35095214844
8558,4115,70183.18585205078
8559,6020,70179.38671875
8560,6711,70082.5259399414
8561,798,70067.508644104
8562,3509,70043.5033569336
8563,2570,69969.26446533203
8564,4994,69850.26220703125
8565,3916,69842.46966552734
8566,3910,69666.77404785156
8567,5820,69639.14080810547
8568,5284,69628.19689941406
8569,5815,69563.4849243164
8570,3714,69515.91064453125
8571,5720,69472.12023925781
8572,40,69457.31457519531
8573,1084,69385.42114257812
8574,3142,69346.58215332031
8575,6091,69339.60391235352
8576,1711,69323.73754882812
8577,5617,69258.22119140625
8578,3511,69208.36712646484
8579,5821,69088.66387939453
8580,4111,68864.59008789062
8581,1612,68739.54858398438
8582,433,68736.8466796875
8583,794,68706.3208618164
8584,879,68584.29565429688
8585,2376,68550.23358154297
8586,5905,68377.12432861328
8587,734,68345.15203857422
8588,830,68265.99072265625
8589,2367,68235.61309814453
8590,928,68097.83874511719
8591,231,68097.65905761719
8592,6713,68085.7710571289
8593,825,68080.81646728516
8594,429,68077.99853515625
8595,425,68077.99853515625
8596,427,68077.99853515625
8597,426,68077.99853515625
8598,430,68077.99853515625
8599,428,68077.99853515625
8600,328,68077.99853515625
8601,330,68077.99853515625
8602,327,68077.99853515625
8603,329,68077.99853515625
8604,130,68077.99853515625
8605,129,68077.99853515625
8606,629,68077.99853515625
8607,528,68077.99853515625
8608,530,68077.99853515625
8609,529,68077.99853515625
8610,31,68077.99853515625
8611,230,68077.99853515625
8612,229,68077.99853515625
8613,228,68077.99853515625
8614,527,68077.9262084961
8615,431,68077.51818847656
8616,531,68076.96002197266
8617,435,68076.41223144531
8618,628,68076.22174072266
8619,630,68074.78155517578
8620,331,68073.7802734375
8621,526,68071.86450195312
8622,826,68069.72131347656
8623,335,68069.40643310547
8624,631,68069.1635131836
8625,525,68065.43927001953
8626,336,68064.54553222656
8627,729,68063.35241699219
8628,627,68062.56237792969
8629,332,68062.32116699219
8630,827,68061.3041381836
8631,235,68060.9965209961
8632,234,68056.55401611328
8633,632,68056.2748413086
8634,334,68055.38470458984
8635,434,68054.61547851562
8636,725,68053.67065429688
8637,728,68053.66625976562
8638,732,68053.17950439453
8639,726,68053.11236572266
8640,524,68052.56610107422
8641,731,68052.43646240234
8642,730,68052.40795898438
8643,233,68052.33459472656
8644,828,68052.24212646484
8645,824,68051.1611328125
8646,633,68051.12237548828
8647,624,68050.55798339844
8648,733,68050.55798339844
8649,626,68050.55798339844
8650,721,68050.55798339844
8651,723,68050.55798339844
8652,932,68050.55798339844
8653,930,68050.55798339844
8654,722,68050.55798339844
8655,727,68050.55798339844
8656,625,68050.55798339844
8657,724,68050.55798339844
8658,532,68050.55798339844
8659,822,68050.55798339844
8660,623,68050.55798339844
8661,921,68050.55798339844
8662,922,68050.55798339844
8663,832,68050.55798339844
8664,821,68050.55798339844
8665,823,68050.55798339844
8666,833,68050.55798339844
8667,622,68050.55798339844
8668,829,68050.55798339844
8669,333,68050.55798339844
8670,923,68011.9467163086
8671,820,68001.6185913086
8672,404,67975.51708984375
8673,326,67959.6948852539
8674,128,67910.25811767578
8675,927,67870.35876464844
8676,5719,67827.27954101562
8677,4911,67779.9789428711
8678,925,67714.78723144531
8679,926,67698.88848876953
8680,924,67656.94854736328
8681,30,67584.75067138672
8682,5102,67580.26452636719
8683,929,67539.78198242188
8684,227,67416.04211425781
8685,4704,67410.81726074219
8686,2269,67380.40490722656
8687,920,67361.09252929688
8688,286,67317.32049560547
8689,6814,67308.90411376953
8690,403,67289.52917480469
8691,2670,67238.09381103516
8692,5818,67202.73937988281
8693,236,67145.4330444336
8694,6034,67084.54913330078
8695,6429,67076.0308227539
8696,3510,66982.20928955078
8697,523,66909.3857421875
8698,2322,66852.36737060547
8699,978,66779.78228759766
8700,6631,66642.1050415039
8701,894,66587.48260498047
8702,6323,66575.36328125
8703,5716,66511.31372070312
8704,5718,66456.37115478516
8705,6314,66363.96209716797
8706,135,66291.02478027344
8707,6730,66223.20581054688
8708,1185,66194.87213134766
8709,3710,66169.12231445312
8710,2361,66073.00201416016
8711,81,65974.45483398438
8712,778,65921.76190185547
8713,3307,65738.8734741211
8714,237,65735.57275390625
8715,424,65643.5726928711
8716,1463,65612.14093017578
8717,5612,65601.30059814453
8718,3814,65592.36730957031
8719,1230,65580.1089477539
8720,136,65538.15502929688
8721,38,65535.65460205078
8722,35,65535.65460205078
8723,37,65535.65460205078
8724,139,65535.65460205078
8725,36,65535.65460205078
8726,138,65534.022888183594
8727,720,65531.01922607422
8728,137,65523.62219238281
8729,5094,65510.48767089844
8730,3245,65445.73077392578
8731,5616,65436.219177246094
8732,5717,65408.78601074219
8733,5293,65356.27340698242
8734,1077,65287.02947998047
8735,5819,65245.90612792969
8736,29,65193.883544921875
8737,2369,65071.355529785156
8738,2324,65037.325256347656
8739,133,64948.19689941406
8740,5015,64934.34423828125
8741,877,64671.66259765625
8742,5620,64657.26348876953
8743,3444,64630.18243408203
8744,878,64531.158203125
8745,977,64531.158203125
8746,779,64531.158203125
8747,1032,64383.898498535156
8748,9410,64359.801208496094
8749,2672,64238.051208496094
8750,4993,64158.86181640625
8751,5092,64158.86181640625
8752,5192,64158.86181640625
8753,5193,64158.86181640625
8754,5093,64158.861755371094
8755,2022,64132.13659667969
8756,5838,64064.89501953125
8757,3609,64030.82342529297
8758,3344,63981.427185058594
8759,3244,63981.427185058594
8760,3144,63981.427185058594
8761,3143,63981.427185058594
8762,3343,63981.427185058594
8763,3443,63981.427185058594
8764,3243,63981.427185058594
8765,3242,63981.427185058594
8766,3442,63981.427185058594
8767,3342,63981.427185058594
8768,6531,63898.06701660156
8769,680,63862.732482910156
8770,784,63818.80352783203
8771,2569,63788.55700683594
8772,1716,63712.983825683594
8773,621,63704.95324707031
8774,2120,63559.42932128906
8775,713,63551.98876953125
8776,6291,63542.48422241211
8777,1212,63534.579650878906
8778,1908,63372.08837890625
8779,485,63340.271728515625
8780,432,63299.50274658203
8781,5721,63251.50079345703
8782,405,63158.625
8783,134,63137.81591796875
8784,1506,63062.969665527344
8785,1799,63017.60693359375
8786,325,62982.080017089844
8787,1633,62925.76513671875
8788,2572,62872.633361816406
8789,9917,62867.72003173828
8790,127,62847.044982910156
8791,2323,62771.10073852539
8792,6121,62656.32177734375
8793,5991,62532.92044067383
8794,2469,62509.057373046875
8795,6028,62484.15026855469
8796,2298,62482.714782714844
8797,1191,62429.57409667969
8798,6813,62368.703704833984
8799,3610,62363.00158691406
8800,3611,62351.84851074219
8801,498,62254.55685830116
8802,6530,62220.779052734375
8803,3815,62220.63507080078
8804,5925,62217.404235839844
8805,5714,62018.29919433594
8806,3911,61834.66491699219
8807,3915,61824.40399169922
8808,522,61796.97332763672
8809,1031,61783.535095214844
8810,1907,61773.410705566406
8811,6630,61771.651794433594
8812,1536,61758.84698486328
8813,4113,61554.95733642578
8814,9910,61458.38073730469
8815,1611,61445.89611816406
8816,4015,61425.85479736328
8817,4114,61425.85479736328
8818,4014,61425.365966796875
8819,4112,61417.84747314453
8820,4011,61371.49670410156
8821,3713,61357.20349121094
8822,3914,61282.02819824219
8823,4473,61221.29639792442
8824,3810,61124.14050292969
8825,226,61117.304443359375
8826,4013,61007.67254638672
8827,4012,60925.8623046875
8828,2671,60540.363708496094
8829,2221,60536.76531982422
8830,161,60495.34991455078
8831,2467,60442.61120605469
8832,2500,60365.787658691406
8833,3612,60334.601623535156
8834,1435,60316.37487792969
8835,5831,60237.247802734375
8836,1334,60230.506591796875
8837,6702,60172.23406982422
8838,6325,60152.10681152344
8839,423,60132.51190185547
8840,1411,60116.82751464844
8841,6428,59955.865295410156
8842,3912,59794.332946777344
8843,535,59755.898681640625
8844,9602,59746.57678222656
8845,324,59739.812561035156
8846,181,59723.73797607422
8847,2268,59705.719482421875
8848,225,59697.425842285156
8849,323,59679.2353515625
8850,819,59578.97229003906
8851,422,59554.7705078125
8852,5934,59516.246154785156
8853,3312,59483.368103027344
8854,28,59318.43475341797
8855,5414,59255.59582519531
8856,2499,59253.68054199219
8857,5710,59147.733642578125
8858,5212,59095.19903564453
8859,1934,59024.044921875
8860,2674,59022.654541015625
8861,500,58854.11225891113
8862,499,58845.47068119049
8863,600,58820.70819735527
8864,599,58798.9985203743
8865,799,58794.80473470688
8866,698,58794.80473470688
8867,699,58794.80473470688
8868,598,58794.80473470688
8869,700,58771.7099814415
8870,800,58745.72287273407
8871,1709,58474.2607421875
8872,2061,58407.856506347656
8873,1507,58293.91973876953
8874,224,58213.693786621094
8875,1613,58110.02099609375
8876,3005,58038.30938720703
8877,126,57988.36669921875
8878,6716,57895.50762939453
8879,9705,57858.30059814453
8880,262,57804.708068847656
8881,1610,57760.921630859375
8882,2368,57669.7705078125
8883,2468,57669.7705078125
8884,1133,57617.24151611328
8885,4503,57508.90173339844
8886,409,57478.93603515625
8887,9504,57376.962646484375
8888,2122,57337.296447753906
8889,3613,57315.12139892578
8890,9905,57102.24182128906
8891,3812,57077.50164794922
8892,294,57063.60046386719
8893,6431,57022.629455566406
8894,919,57001.350830078125
8895,4302,56995.19512939453
8896,1311,56894.95837402344
8897,389,56842.09698486328
8898,1511,56840.56652832031
8899,3913,56711.3215637207
8900,9805,56702.429626464844
8901,363,56694.438049316406
8902,9904,56651.23370361328
8903,5906,56618.67761230469
8904,9804,56525.955505371094
8905,9702,56508.23791503906
8906,9803,56508.23791503906
8907,9903,56506.80047607422
8908,9802,56502.32116699219
8909,1825,56490.483154296875
8910,3705,56472.7041015625
8911,9902,56349.86669921875
8912,483,56316.427490234375
8913,1835,56307.420959472656
8914,6326,56270.126892089844
8915,10,56177.723205566406
8916,2477,56124.659912109375
8917,395,56024.28379821777
8918,110,55906.46551513672
8919,9407,55862.061584472656
8920,63,55828.896545410156
8921,6090,55785.36828613281
8922,6290,55727.94778442383
8923,6714,55579.90353393555
8924,9901,55478.03875732422
8925,2231,55359.689392089844
8926,9604,55359.677490234375
8927,5439,55226.480441093445
8928,695,55207.37969970703
8929,1564,55077.32061767578
8930,9704,55028.54425048828
8931,223,55010.62512207031
8932,6328,54983.66278076172
8933,9715,54933.08807373047
8934,6089,54851.63787841797
8935,6007,54774.62237548828
8936,1333,54758.53338623047
8937,620,54703.50817871094
8938,9603,54696.67248535156
8939,2204,54657.813415527344
8940,797,54602.57481384277
8941,1918,54499.82385253906
8942,521,54432.129638671875
8943,3813,54318.99108886719
8944,61,54153.69317626953
8945,163,54153.69317626953
8946,162,54153.69317626953
8947,62,54153.69317626953
8948,263,54153.69317626953
8949,125,54138.56359863281
8950,1899,53996.376220703125
8951,9703,53972.81823730469
8952,1718,53867.954345703125
8953,4202,53799.50616455078
8954,2007,53737.8671875
8955,1660,53698.371337890625
8956,5715,53568.04217529297
8957,5413,53471.54821777344
8958,5514,53471.54229736328
8959,5512,53412.79919433594
8960,5513,53390.93713378906
8961,9716,53368.01110839844
8962,3508,53352.13427734375
8963,984,53320.523498535156
8964,27,53278.192321777344
8965,5613,53058.28479003906
8966,2661,52966.19808959961
8967,402,52960.4404296875
8968,6008,52936.196380615234
8969,9801,52934.429748535156
8970,5615,52922.42614746094
8971,5614,52850.797607421875
8972,6715,52822.80725097656
8973,1462,52656.775146484375
8974,2105,52605.50274658203
8975,612,52589.302795410156
8976,5412,52502.160400390625
8977,1394,52450.367736816406
8978,1361,52396.81231689453
8979,6430,52390.97833251953
8980,6617,52221.01062011719
8981,884,52195.485107421875
8982,6611,52191.033752441406
8983,9409,52157.50231933594
8984,1293,52018.69934082031
8985,1560,51985.85284423828
8986,5011,51976.388671875
8987,597,51929.40645503998
8988,1008,51928.85284423828
8989,5511,51820.63409423828
8990,2429,51811.73667907715
8991,3206,51732.028747558594
8992,5806,51684.746154785156
8993,5809,51670.988220214844
8994,1735,51551.550720214844
8995,322,51542.970947265625
8996,4806,51448.712646484375
8997,193,51439.64743041992
8998,6128,51284.921875
8999,5010,51238.061462402344
9000,9408,51230.324768066406
9001,5908,51173.60238647461
9002,5708,51173.23278808594
9003,5709,51173.048919677734
9004,293,51098.34474182129
9005,192,51098.34474182129
9006,92,51098.34474182129
9007,6330,51083.21057128906
9008,191,51076.19314575195
9009,1727,51040.658630371094
9010,292,51013.335876464844
9011,384,50982.654846191406
9012,2577,50965.99768066406
9013,5807,50879.704345703125
9014,394,50639.93663024902
9015,2020,50587.3642578125
9016,6027,50547.185791015625
9017,188,50544.6555480957
9018,393,50516.90655517578
9019,5907,50402.6643371582
9020,5610,50202.25424194336
9021,1819,50153.28137207031
9022,1719,50153.28137207031
9023,1619,50153.28137207031
9024,1818,50153.28137207031
9025,1817,50153.28137207031
9026,1518,50153.28137207031
9027,1616,50153.28137207031
9028,1919,50153.28137207031
9029,6228,50151.77557373047
9030,582,50139.47839355469
9031,1617,50115.316650390625
9032,1618,50060.588806152344
9033,6502,50001.500061035156
9034,1517,49990.23895263672
9035,26,49966.58270263672
9036,25,49966.58270263672
9037,9701,49926.048889160156
9038,281,49899.98385620117
9039,5808,49861.27975463867
9040,124,49739.813720703125
9041,1614,49674.803466796875
9042,6233,49664.18817138672
9043,24,49538.24346923828
9044,1418,49323.080322265625
9045,5609,48960.43826293945
9046,5411,48813.98895263672
9047,6331,48801.43145751953
9048,1808,48748.44744873047
9049,1211,48695.36462402344
9050,9605,48458.262634277344
9051,697,48437.99975395203
9052,5313,48426.49450683594
9053,5930,48252.221740722656
9054,6329,48201.12487792969
9055,1717,48161.563049316406
9056,5707,48074.69689941406
9057,1515,48071.98388671875
9058,3606,47985.74951171875
9059,6229,47924.27258300781
9060,421,47895.9130859375
9061,2033,47870.618103027344
9062,2461,47804.98519897461
9063,91,47715.43786621094
9064,1519,47679.192810058594
9065,1514,47677.24548339844
9066,495,47602.123107910156
9067,719,47389.723571777344
9068,6127,47348.653869628906
9069,6129,47254.6435546875
9070,6327,47232.89660644531
9071,2132,47095.71032714844
9072,1516,47030.573333740234
9073,2198,47027.44854736328
9074,2062,46969.88623046875
9075,6230,46948.18426513672
9076,1290,46885.52429199219
9077,6324,46869.7109375
9078,6227,46852.981506347656
9079,5921,46726.4619140625
9080,2561,46702.01840209961
9081,494,46655.2589263916
9082,1415,46564.76086425781
9083,2474,46431.454833984375
9084,5923,46424.25344848633
9085,5924,46424.25344848633
9086,6226,46402.29797363281
9087,2557,46249.26138305664
9088,1205,46209.437561035156
9089,2456,46174.83288574219
9090,1029,46162.01171875
9091,1233,46111.98291015625
9092,6133,46111.02914428711
9093,6026,46005.302795410156
9094,2660,45986.05056762695
9095,5922,45977.785095214844
9096,1419,45970.03634643555
9097,5312,45966.3971862793
9098,5805,45729.507232666016
9099,1312,45658.962158203125
9100,1309,45658.962158203125
9101,1603,45658.962158203125
9102,1604,45658.962158203125
9103,1209,45658.962158203125
9104,1708,45658.962158203125
9105,1113,45658.962158203125
9106,1602,45658.962158203125
9107,1213,45658.962158203125
9108,1214,45658.962158203125
9109,1314,45658.962158203125
9110,1315,45658.962158203125
9111,1408,45658.962158203125
9112,1509,45658.962158203125
9113,1510,45658.962158203125
9114,1512,45658.962158203125
9115,1513,45658.962158203125
9116,1505,45658.962158203125
9117,1305,45658.962158203125
9118,1313,45658.962158203125
9119,1609,45658.962158203125
9120,1405,45658.962158203125
9121,1502,45658.962158203125
9122,1508,45658.962158203125
9123,1608,45658.962158203125
9124,1409,45658.962158203125
9125,1410,45658.962158203125
9126,1412,45658.962158203125
9127,1413,45658.962158203125
9128,1414,45637.92687988281
9129,1707,45614.270446777344
9130,1112,45592.667907714844
9131,1304,45586.51159667969
9132,1706,45556.335510253906
9133,6033,45503.30108642578
9134,9405,45461.88897705078
9135,2260,45412.2614440918
9136,1704,45357.36895751953
9137,1806,45347.3503112793
9138,89,45314.14584350586
9139,90,45314.14584350586
9140,88,45314.14584350586
9141,5804,45255.60778808594
9142,1021,45192.97637939453
9143,596,45112.53820037842
9144,1111,45067.97872924805
9145,3811,45045.49856567383
9146,1605,45014.23107910156
9147,1030,45000.841735839844
9148,1702,44960.15530395508
9149,1110,44951.47360229492
9150,1601,44891.58126831055
9151,1210,44886.79275512695
9152,2760,44872.13464355469
9153,2426,44853.603515625
9154,2064,44818.61560058594
9155,2330,44737.48034667969
9156,4474,44616.63382077217
9157,1404,44579.3327331543
9158,5510,44363.21798706055
9159,1114,44355.15661621094
9160,1109,44337.22494506836
9161,1402,44221.44396972656
9162,1288,44169.27200317383
9163,1705,44163.7995300293
9164,1504,44107.13082885742
9165,1607,44035.69125366211
9166,1215,44005.4033203125
9167,187,43972.994140625
9168,4676,43972.37384033203
9169,9916,43958.421630859375
9170,87,43951.05389404297
9171,1920,43905.52517700195
9172,595,43853.89225769043
9173,1620,43579.857421875
9174,1820,43544.79064941406
9175,1703,43536.4020690918
9176,1802,43511.80911254883
9177,1563,43511.29833984375
9178,1665,43496.15466308594
9179,818,43494.545654296875
9180,2558,43361.95837402344
9181,1012,43357.18017578125
9182,1960,43326.49572753906
9183,2023,43310.096618652344
9184,1805,43142.28826904297
9185,1961,43140.49377441406
9186,1764,43140.49377441406
9187,2063,43140.49377441406
9188,1763,43140.49377441406
9189,1664,43140.49377441406
9190,1663,43140.49377441406
9191,1762,43140.49377441406
9192,1662,43140.49377441406
9193,1862,43140.49377441406
9194,1863,43140.49377441406
9195,1861,43140.49377441406
9196,1864,43140.49377441406
9197,1963,43140.49377441406
9198,1964,43140.49377441406
9199,1965,43140.49377441406
9200,1962,43140.49377441406
9201,1865,43136.58386230469
9202,1765,43135.451904296875
9203,1803,43134.967224121094
9204,1761,43134.82678222656
9205,1022,43126.85144042969
9206,1562,43123.90075683594
9207,4003,43088.348388671875
9208,1661,43066.27429199219
9209,1860,43023.7236328125
9210,1461,42970.912658691406
9211,1760,42970.873596191406
9212,1561,42949.72003173828
9213,2628,42925.542419433594
9214,6126,42885.01934814453
9215,1807,42867.84475708008
9216,520,42811.30432128906
9217,1204,42780.107177734375
9218,1606,42746.503479003906
9219,1013,42672.015197753906
9220,2159,42669.234802246094
9221,1501,42566.466705322266
9222,1296,42527.398040771484
9223,2503,42515.290618896484
9224,311,42488.119201660156
9225,1303,42474.996154785156
9226,5002,42359.82873535156
9227,1720,42315.39636230469
9228,718,42177.112854003906
9229,420,42151.9462890625
9230,519,42151.9462890625
9231,619,42151.9462890625
9232,618,42151.9462890625
9233,518,42151.9462890625
9234,419,42151.9462890625
9235,9505,42134.84747314453
9236,6029,42103.33068847656
9237,4674,42038.92762374878
9238,1904,41996.868896484375
9239,1804,41947.90591430664
9240,2360,41918.726318359375
9241,2459,41889.310150146484
9242,2359,41889.310150146484
9243,2559,41889.310150146484
9244,2560,41889.310150146484
9245,2259,41889.310150146484
9246,2258,41889.310150146484
9247,2357,41889.310150146484
9248,2460,41889.310150146484
9249,2358,41889.310150146484
9250,2457,41889.310150146484
9251,2458,41889.310150146484
9252,2158,41854.52490234375
9253,517,41746.70050048828
9254,893,41664.59701538086
9255,1011,41641.0364074707
9256,1903,41607.92889404297
9257,918,41571.70886230469
9258,321,41555.643981933594
9259,6801,41547.216552734375
9260,1725,41526.94271850586
9261,410,41513.24768066406
9262,2004,41483.92544555664
9263,289,41465.941986083984
9264,1503,41424.86560058594
9265,6025,41381.023010253906
9266,2005,41289.959533691406
9267,1308,41275.5119934082
9268,1115,41003.048767089844
9269,1010,41001.08868408203
9270,418,40816.9645690918
9271,617,40813.61151123047
9272,6332,40811.027435302734
9273,1406,40787.091796875
9274,5603,40786.382080078125
9275,1905,40740.11978149414
9276,6024,40691.60678100586
9277,5009,40616.73498535156
9278,1014,40591.1806640625
9279,1028,40541.042541503906
9280,9406,40518.492919921875
9281,2223,40507.583251953125
9282,5832,40408.44528198242
9283,2673,40406.17810058594
9284,1906,40339.48068237305
9285,1116,40274.784240722656
9286,694,40269.070068359375
9287,1015,40259.8779296875
9288,1417,40250.89535522461
9289,1701,40142.27505493164
9290,6231,40112.6435546875
9291,2573,40027.330139160156
9292,1216,40022.59002685547
9293,1020,39911.68127441406
9294,1520,39858.35208129883
9295,2476,39844.211669921875
9296,9816,39819.392150878906
9297,123,39813.18618774414
9298,914,39775.492919921875
9299,2224,39771.902770996094
9300,1009,39743.63064575195
9301,2123,39684.29071044922
9302,2576,39597.603912353516
9303,915,39554.10076904297
9304,907,39549.643615722656
9305,1092,39504.898864746094
9306,5933,39501.485900878906
9307,1998,39411.59649658203
9308,1104,39351.591064453125
9309,2574,39294.69821166992
9310,2475,39294.69821166992
9311,2575,39294.69821166992
9312,2222,39160.93521118164
9313,2527,39094.09942626953
9314,5503,39030.94873046875
9315,6122,38977.23486328125
9316,908,38923.28302001953
9317,1403,38911.60330200195
9318,1108,38905.26364135742
9319,6130,38842.90133666992
9320,5833,38832.4030456543
9321,5931,38832.4030456543
9322,5932,38832.4030456543
9323,6032,38832.4030456543
9324,6031,38832.23532104492
9325,6132,38830.09924316406
9326,6131,38829.54296875
9327,6232,38829.441497802734
9328,6030,38827.48846435547
9329,2104,38666.874267578125
9330,1004,38537.73376464844
9331,190,38527.873291015625
9332,5703,38475.68762207031
9333,189,38392.61233520508
9334,1203,38392.34375
9335,386,38378.716857910156
9336,6023,38340.28485107422
9337,1622,38307.04138183594
9338,392,38245.58361816406
9339,2226,38208.66146850586
9340,2326,38208.66146850586
9341,2325,38208.66146850586
9342,2225,38208.66146850586
9343,9510,38198.58380126953
9344,2227,38191.44021606445
9345,285,38154.177307128906
9346,906,38134.66976928711
9347,717,38106.91485595703
9348,222,38081.07977294922
9349,808,38042.396545410156
9350,320,37936.51354980469
9351,1728,37780.22048950195
9352,1401,37777.25744628906
9353,401,37741.590576171875
9354,291,37646.64668273926
9355,1407,37644.36032104492
9356,1202,37621.50988769531
9357,2021,37594.57098388672
9358,9815,37569.783447265625
9359,1102,37529.28137207031
9360,1117,37519.42950439453
9361,1521,37508.232330322266
9362,801,37504.23306274414
9363,807,37454.605072021484
9364,585,37451.073669433594
9365,411,37401.95913696289
9366,904,37386.81640625
9367,6223,37377.71194458008
9368,702,37357.46450805664
9369,1319,37342.63903808594
9370,1316,37341.27697753906
9371,905,37320.56069946289
9372,2127,37299.8798828125
9373,1721,37282.1530456543
9374,1421,37233.29248046875
9375,1103,37200.17431640625
9376,1018,37199.86901855469
9377,806,37195.436279296875
9378,607,37193.76550292969
9379,1302,37188.249938964844
9380,1101,37156.542083740234
9381,2128,37152.65737915039
9382,1927,37152.65737915039
9383,1928,37152.65737915039
9384,1828,37152.65737915039
9385,1729,37152.65737915039
9386,1827,37152.65737915039
9387,1829,37152.65737915039
9388,2028,37152.65737915039
9389,2027,37152.65737915039
9390,1926,37152.65737915039
9391,817,37104.505462646484
9392,9909,37083.04763793945
9393,1621,37069.452056884766
9394,903,37065.238372802734
9395,707,37028.596923828125
9396,803,37021.69970703125
9397,512,37018.578216552734
9398,804,37017.85626220703
9399,2006,37007.524169921875
9400,505,36997.498443603516
9401,504,36997.498443603516
9402,705,36997.498443603516
9403,503,36997.498443603516
9404,506,36997.498443603516
9405,805,36997.498443603516
9406,602,36997.498443603516
9407,601,36997.498443603516
9408,706,36997.498443603516
9409,1301,36997.498443603516
9410,606,36997.498443603516
9411,605,36997.498443603516
9412,902,36997.498443603516
9413,603,36997.498443603516
9414,1001,36997.498443603516
9415,703,36997.498443603516
9416,701,36997.498443603516
9417,704,36997.498443603516
9418,501,36997.498443603516
9419,502,36997.498443603516
9420,604,36997.498443603516
9421,1201,36997.498443603516
9422,901,36997.498443603516
9423,1929,36978.066650390625
9424,2025,36925.12548828125
9425,1320,36862.94287109375
9426,1220,36859.789489746094
9427,186,36841.52981567383
9428,1321,36829.42236328125
9429,912,36825.480041503906
9430,913,36822.07247924805
9431,802,36809.04867553711
9432,507,36791.53787231445
9433,1120,36780.831481933594
9434,1119,36775.90399169922
9435,1019,36775.90399169922
9436,1002,36722.08889770508
9437,1186,36679.41873168945
9438,2125,36672.95703125
9439,1219,36524.784088134766
9440,2228,36487.070861816406
9441,1221,36360.22686767578
9442,1105,36323.44119262695
9443,1730,36315.5231628418
9444,1921,36315.47668457031
9445,708,36269.253021240234
9446,1023,36251.464782714844
9447,2327,36142.743743896484
9448,3105,36135.06750488281
9449,4907,36106.88751220703
9450,1533,36091.5158996582
9451,1003,36089.273345947266
9452,1826,36074.55032348633
9453,417,36007.2067565918
9454,2029,35978.84548950195
9455,608,35944.803131103516
9456,1208,35897.70910644531
9457,6189,35854.98268890381
9458,513,35839.336669921875
9459,613,35776.56039428711
9460,508,35742.14044189453
9461,510,35662.19287109375
9462,610,35662.19287109375
9463,609,35662.19287109375
9464,509,35662.19287109375
9465,709,35637.60858154297
9466,611,35626.69323730469
9467,511,35598.78112792969
9468,313,35567.849060058594
9469,1830,35560.83938598633
9470,715,35560.563385009766
9471,2124,35514.2255859375
9472,813,35507.164978027344
9473,6225,35481.47134399414
9474,710,35477.904235839844
9475,412,35417.42770385742
9476,413,35417.42770385742
9477,414,35416.434326171875
9478,1821,35397.11734008789
9479,514,35374.04537963867
9480,809,35353.55795288086
9481,9608,35309.24349975586
9482,711,35307.875427246094
9483,910,35301.45928955078
9484,714,35298.590881347656
9485,312,35290.993408203125
9486,911,35289.447509765625
9487,810,35277.4358215332
9488,811,35277.4358215332
9489,909,35277.4358215332
9490,812,35277.4358215332
9491,1017,35249.37707519531
9492,917,35201.58605957031
9493,614,35107.3132019043
9494,319,35103.918212890625
9495,916,35094.59945678711
9496,515,35087.35565185547
9497,816,35074.38787841797
9498,716,35046.36642456055
9499,1420,35038.123443603516
9500,615,35032.670471191406
9501,9908,35005.5163269043
9502,5311,34893.78448486328
9503,1016,34883.2253112793
9504,1217,34831.115325927734
9505,1922,34779.03271484375
9506,415,34647.4323425293
9507,1925,34636.17004394531
9508,616,34606.40231323242
9509,23,34524.624450683594
9510,493,34475.49783325195
9511,2427,34462.45236206055
9512,6022,34460.55856323242
9513,516,34449.864685058594
9514,6123,34383.516845703125
9515,6124,34383.516845703125
9516,6125,34383.516845703125
9517,6224,34383.516845703125
9518,6021,34382.850830078125
9519,4775,34299.41392707825
9520,1416,34286.30236816406
9521,1306,34262.38262939453
9522,2126,34166.030181884766
9523,6191,34143.373962402344
9524,1318,34130.764099121094
9525,2129,33939.14813232422
9526,5706,33902.03854370117
9527,796,33893.967864990234
9528,3804,33876.94470214844
9529,1317,33863.269134521484
9530,315,33837.260162353516
9531,6190,33804.05944061279
9532,416,33691.02365112305
9533,2802,33587.415283203125
9534,221,33559.469482421875
9535,211,33486.57214355469
9536,381,33408.74923706055
9537,1722,33408.301666259766
9538,1121,33393.62857055664
9539,1629,33382.3952331543
9540,1218,33378.78140258789
9541,318,33148.420837402344
9542,388,33136.63845825195
9543,314,33114.06491088867
9544,111,32752.319091796875
9545,1522,32707.180389404297
9546,2026,32659.61508178711
9547,316,32548.016967773438
9548,1130,32531.394775390625
9549,1726,32520.861785888672
9550,1822,32509.127716064453
9551,2229,32491.64324951172
9552,22,32448.543975830078
9553,122,32444.964233398438
9554,21,32434.817352294922
9555,20,32424.47866821289
9556,19,32423.48129272461
9557,121,32421.759246826172
9558,18,32421.169830322266
9559,17,32421.14535522461
9560,317,32421.10317993164
9561,218,32421.10317993164
9562,120,32421.10317993164
9563,219,32421.10317993164
9564,217,32421.10317993164
9565,216,32421.10317993164
9566,119,32421.10317993164
9567,117,32421.10317993164
9568,220,32421.10317993164
9569,118,32421.10317993164
9570,287,32413.15313720703
9571,1027,32393.892669677734
9572,1118,32303.63555908203
9573,5403,32151.616424560547
9574,9906,32124.216522216797
9575,1731,32109.245544433594
9576,1930,31971.848846435547
9577,116,31961.402435302734
9578,2003,31939.156463623047
9579,86,31754.86639404297
9580,1006,31656.187103271484
9581,594,31593.67300415039
9582,1422,31575.246215820312
9583,5608,31553.97393798828
9584,6602,31311.566528320312
9585,3407,31236.61898803711
9586,1831,31216.836517333984
9587,215,31172.878814697266
9588,4573,30942.060096383095
9589,288,30886.91583251953
9590,9506,30848.960479736328
9591,5001,30752.002655029297
9592,2328,30582.824325561523
9593,1187,30535.602630615234
9594,1630,30521.899627685547
9595,2702,30476.12030029297
9596,2428,30364.30989074707
9597,2528,30348.980697631836
9598,383,30312.84619140625
9599,1189,30289.770385742188
9600,1329,30283.48016357422
9601,4805,30244.60284423828
9602,2399,30198.38641357422
9603,2098,30198.38641357422
9604,2299,30198.38641357422
9605,2400,30198.38641357422
9606,1005,30135.23080444336
9607,685,30128.33285522461
9608,2024,30122.308563232422
9609,1289,30097.941436767578
9610,1085,30071.69659423828
9611,2199,30063.576110839844
9612,5103,30001.168090820312
9613,1228,29950.384338378906
9614,2329,29913.123321533203
9615,1089,29909.991790771484
9616,1086,29894.36834716797
9617,689,29893.11309814453
9618,687,29893.11309814453
9619,785,29893.11309814453
9620,789,29893.11309814453
9621,490,29893.11309814453
9622,487,29893.11309814453
9623,488,29893.11309814453
9624,786,29893.11309814453
9625,486,29893.11309814453
9626,489,29893.11309814453
9627,588,29893.11309814453
9628,688,29893.11309814453
9629,690,29893.11309814453
9630,589,29893.11309814453
9631,590,29893.11309814453
9632,587,29893.11309814453
9633,1188,29893.11309814453
9634,1087,29893.11309814453
9635,988,29893.11309814453
9636,989,29893.11309814453
9637,1088,29893.11309814453
9638,987,29893.11309814453
9639,986,29893.11309814453
9640,885,29893.11309814453
9641,886,29893.11309814453
9642,889,29893.11309814453
9643,686,29893.11309814453
9644,586,29893.11309814453
9645,491,29891.494659423828
9646,790,29882.20703125
9647,1310,29859.32583618164
9648,788,29847.717407226562
9649,387,29844.467010498047
9650,787,29828.914794921875
9651,985,29799.399291992188
9652,696,29790.12370300293
9653,1626,29675.09197998047
9654,11,29643.67837524414
9655,9809,29610.516967773438
9656,888,29567.461639404297
9657,390,29564.120056152344
9658,887,29550.02227783203
9659,890,29436.474884033203
9660,591,29403.783721923828
9661,1132,29393.55322265625
9662,1322,29258.931243896484
9663,1524,29246.200622558594
9664,1525,29246.200622558594
9665,1624,29246.200622558594
9666,1526,29246.200622558594
9667,1523,29246.200622558594
9668,1625,29246.200622558594
9669,1723,29246.200622558594
9670,1623,29246.200622558594
9671,1527,29238.06753540039
9672,1528,29175.87237548828
9673,1530,29159.16146850586
9674,1529,29159.16146850586
9675,1328,29158.926177978516
9676,391,29152.97412109375
9677,1427,29149.802734375
9678,1428,29074.79608154297
9679,1327,29013.065368652344
9680,814,28982.509002685547
9681,1425,28972.86361694336
9682,2099,28958.326934814453
9683,1424,28888.880798339844
9684,1430,28885.824645996094
9685,290,28885.28140258789
9686,1423,28881.255340576172
9687,1426,28852.000732421875
9688,1429,28845.73959350586
9689,1924,28824.493103027344
9690,1227,28682.438995361328
9691,1127,28633.489868164062
9692,2300,28615.88882446289
9693,990,28613.2939453125
9694,1323,28599.733489990234
9695,1026,28599.733489990234
9696,1025,28599.733489990234
9697,1324,28590.495880126953
9698,1222,28567.463958740234
9699,1325,28556.210083007812
9700,1126,28554.338775634766
9701,1125,28530.527709960938
9702,1326,28522.111450195312
9703,1223,28517.80551147461
9704,9806,28517.16229248047
9705,1224,28513.30645751953
9706,1124,28513.017028808594
9707,1123,28512.694396972656
9708,1122,28512.694396972656
9709,1331,28512.694396972656
9710,1330,28512.694396972656
9711,1226,28512.694396972656
9712,1225,28512.694396972656
9713,1231,28512.694396972656
9714,1232,28512.694396972656
9715,9808,28505.293548583984
9716,1431,28483.798431396484
9717,1332,28395.400817871094
9718,1229,28297.86883544922
9719,6401,28230.06201171875
9720,492,28217.949584960938
9721,1824,28132.043975830078
9722,1628,28129.70297241211
9723,82,28057.115936279297
9724,1823,28027.821075439453
9725,3504,28010.387756347656
9726,1724,27996.726959228516
9727,1634,27989.996459960938
9728,1531,27902.629516601562
9729,9713,27804.929260253906
9730,581,27784.143310546875
9731,5604,27731.4501953125
9732,1923,27666.455688476562
9733,1999,27646.368743896484
9734,1902,27645.19708251953
9735,1090,27641.270446777344
9736,9712,27626.79901123047
9737,2230,27594.77359008789
9738,691,27528.072692871094
9739,1128,27446.07748413086
9740,184,27362.048736572266
9741,83,27362.048736572266
9742,185,27362.048736572266
9743,283,27362.048736572266
9744,284,27362.048736572266
9745,282,27362.048736572266
9746,183,27362.048736572266
9747,382,27362.048736572266
9748,482,27362.048736572266
9749,85,27362.048736572266
9750,84,27362.048736572266
9751,481,27360.590606689453
9752,2030,27356.88980102539
9753,182,27269.199829101562
9754,1832,27198.710815429688
9755,1190,27168.561920166016
9756,5303,27153.553924560547
9757,1933,27100.288940429688
9758,16,26981.52032470703
9759,1801,26914.284912109375
9760,1631,26880.84100341797
9761,1432,26876.156646728516
9762,2131,26873.89242553711
9763,212,26864.464599609375
9764,1932,26846.100952148438
9765,1931,26846.100952148438
9766,2031,26846.100952148438
9767,2032,26846.100952148438
9768,1833,26786.812042236328
9769,1732,26766.927307128906
9770,1733,26754.94985961914
9771,1433,26754.94985961914
9772,1635,26754.94985961914
9773,1632,26754.94985961914
9774,1734,26754.94985961914
9775,1834,26754.94985961914
9776,1532,26754.94985961914
9777,2130,26706.664581298828
9778,995,26627.940185546875
9779,791,26574.81558227539
9780,5003,26468.643310546875
9781,592,26034.832550048828
9782,6701,25614.197540283203
9783,6501,25614.197540283203
9784,6601,25614.197540283203
9785,9811,25523.262451171875
9786,891,25359.373641967773
9787,9509,25234.461639404297
9788,213,25173.73956298828
9789,4603,25124.606353759766
9790,1007,25110.36102294922
9791,9512,25085.846710205078
9792,593,25084.994750976562
9793,692,24956.753143310547
9794,693,24956.753143310547
9795,991,24956.753143310547
9796,1091,24956.753143310547
9797,892,24956.753143310547
9798,792,24956.753143310547
9799,9714,24930.95672607422
9800,115,24853.622192382812
9801,5203,24648.938873291016
9802,2403,24603.06381225586
9803,992,24471.692184448242
9804,793,24364.04901123047
9805,3104,24354.574127197266
9806,1193,24206.416061401367
9807,9706,23799.56216430664
9808,2103,23594.098236083984
9809,9609,23407.49786376953
9810,1106,23282.9931640625
9811,214,23109.934814453125
9812,2200,23101.700927734375
9813,4804,23096.413513183594
9814,4903,23095.61848449707
9815,9936,22985.852142333984
9816,5509,22938.74771118164
9817,2203,22864.141632080078
9818,114,22780.67333984375
9819,3205,22710.201202392578
9820,5110,22518.1162109375
9821,815,22453.28936767578
9822,9508,22448.100036621094
9823,15,22429.400817871094
9824,5607,22352.20587158203
9825,2002,22298.331741333008
9826,4102,22291.15689086914
9827,2001,22177.03498840332
9828,4402,22162.975341796875
9829,2401,22129.050994873047
9830,2102,22129.050994873047
9831,2601,22129.050994873047
9832,2402,22129.050994873047
9833,2602,22129.050994873047
9834,2501,22129.050994873047
9835,2502,22129.050994873047
9836,1901,22129.050994873047
9837,2303,22129.050994873047
9838,2302,22029.21075439453
9839,2201,22005.47966003418
9840,2902,21958.019592285156
9841,2301,21948.13316345215
9842,9606,21896.189453125
9843,9610,21875.319381713867
9844,12,21867.786376953125
9845,993,21863.000885009766
9846,2101,21773.2061920166
9847,9607,21674.192306518555
9848,1295,21571.14402770996
9849,1093,21571.14402770996
9850,1294,21571.14402770996
9851,1195,21571.14402770996
9852,1095,21571.14402770996
9853,1194,21569.477600097656
9854,994,21566.37794494629
9855,1094,21562.732223510742
9856,9511,21557.063034057617
9857,2202,21552.945709228516
9858,14,21478.0966796875
9859,1129,21446.42559814453
9860,9507,21348.596267700195
9861,4902,21333.65299987793
9862,2100,21290.54913330078
9863,9708,21264.436569213867
9864,2701,21201.547912597656
9865,2000,21181.86590576172
9866,4703,21181.570770263672
9867,9709,21116.06216430664
9868,9707,21031.954055786133
9869,9807,20917.68637084961
9870,9611,20913.601959228516
9871,9710,20895.46353149414
9872,9612,20892.596771240234
9873,9711,20892.596771240234
9874,9907,20892.596771240234
9875,9810,20892.596771240234
9876,3306,20736.078247070312
9877,1900,20565.068328857422
9878,9613,20543.474609375
9879,4803,20322.64811706543
9880,4574,20235.720239937305
9881,4575,19998.85819530487
9882,1206,19986.58396911621
9883,1800,19961.755096435547
9884,3204,19887.64320373535
9885,4675,19883.167250156403
9886,3507,19725.1162109375
9887,5104,19610.704132080078
9888,2903,19529.394775390625
9889,3604,19395.09700012207
9890,5205,19298.912551879883
9891,5105,18967.331130981445
9892,5004,18845.329376220703
9893,3704,18841.581985473633
9894,3903,18691.28645324707
9895,4002,18655.023040771484
9896,3902,18634.781158447266
9897,4001,18634.781158447266
9898,3605,18634.781158447266
9899,3701,18634.781158447266
9900,3702,18634.781158447266
9901,3802,18634.781158447266
9902,3801,18634.781158447266
9903,3703,18634.781158447266
9904,3901,18634.781158447266
9905,4101,18634.781158447266
9906,3503,18634.781158447266
9907,3602,18634.781158447266
9908,3603,18634.781158447266
9909,3502,18634.781158447266
9910,3601,18634.781158447266
9911,3803,18634.781158447266
9912,3402,18621.12208557129
9913,3301,18601.302841186523
9914,3401,18563.48486328125
9915,3403,18550.956802368164
9916,3505,18528.57209777832
9917,3302,18527.21531677246
9918,3404,18518.53419494629
9919,3506,18516.69337463379
9920,3201,18515.06202697754
9921,3002,18514.871002197266
9922,3004,18514.871002197266
9923,3405,18514.871002197266
9924,3101,18514.871002197266
9925,3202,18514.871002197266
9926,3406,18514.871002197266
9927,3303,18514.871002197266
9928,3305,18514.871002197266
9929,3103,18514.871002197266
9930,3102,18514.871002197266
9931,3003,18514.871002197266
9932,3304,18514.871002197266
9933,3203,18514.871002197266
9934,5504,18491.29229736328
9935,3001,18477.018005371094
9936,3501,18398.249481201172
9937,4801,18242.290771484375
9938,5705,17937.587310791016
9939,4901,17930.148529052734
9940,4802,17930.148529052734
9941,4701,17839.53009033203
9942,4904,17378.505111694336
9943,5704,17276.227172851562
9944,5605,17274.975509643555
9945,5606,17273.71371459961
9946,5005,17271.065383911133
9947,5505,17271.065383911133
9948,5106,17271.065383911133
9949,5507,17271.065383911133
9950,5405,17271.065383911133
9951,5406,17271.065383911133
9952,5404,17271.065383911133
9953,5307,17271.065383911133
9954,5305,17271.065383911133
9955,5304,17271.065383911133
9956,5506,17271.065383911133
9957,5204,17210.020767211914
9958,5207,17170.53569793701
9959,5306,17007.17935180664
9960,5206,16790.39454650879
9961,5107,16559.524200439453
9962,5407,16425.978775024414
9963,5408,16344.287994384766
9964,4201,16164.066101074219
9965,5208,16142.195526123047
9966,5008,16074.991622924805
9967,5006,15685.720039367676
9968,1307,15616.036163330078
9969,5508,15552.790344238281
9970,5109,15331.958755493164
9971,4702,15119.271270751953
9972,4905,14959.110038757324
9973,5108,14949.007987976074
9974,4601,14927.958297729492
9975,5410,14893.094429016113
9976,5308,14833.210968017578
9977,5409,13975.444984436035
9978,5309,13695.657707214355
9979,13,13538.531326293945
9980,4301,13472.401138305664
9981,4602,13407.474395751953
9982,4502,13407.474395751953
9983,4401,13407.474395751953
9984,5209,13383.221549987793
9985,113,13242.852432250977
9986,4501,13205.956619262695
9987,5007,13068.424453735352
9988,1534,13067.917953491211
9989,1107,12964.484375
9990,4906,12759.607162475586
9991,5210,12748.391159057617
9992,5310,12720.362823486328
9993,2901,11664.610382080078
9994,5338,7233.561763763428
9995,1207,5362.053779602051
9996,112,3479.2422523498535
9997,5238,3040.924666404724
9998,2801,2704.127468109131
9999,5339,691.2068206071854
10000,5239,213.62653255462646
